Sample,Probe target,Height,Area,Final.ratio,Stdev,symbol
167b,01-001.274237,3116,21893,1.26,0.22,DVL1-1
167b,01-003.150503,1396,15204,1.24,0.2,PRDM16-3
167b,01-006.150830,1185,13358,1.23,0.24,CHD5-2
167b,01-007.727575,2212,18945,1,0.08,CAMTA1-18
167b,01-010.214967,3039,20528,0.87,0.11,KIF1B-2
167b,03-010.158544,3647,29025,1.24,0.24,VHL-1
167b,03-010.163233,1894,17602,0.98,0.08,VHL-2
167b,03-059.972109,1753,13673,0.85,0.13,FHIT-7
167b,03-060.782680,1768,14868,0.83,0.15,FHIT-4
167b,05-112.182873,1694,13197,0.93,0.09,APC-12
167b,05-112.206814,1018,10523,0.94,1,APC-18
167b,09-021.958641,3946,32333,1.06,0.11,CDKN2A-4
167b,09-021.961213,3038,20599,0.99,0.08,CDKN2A-3
167b,09-021.998809,2015,21348,1.17,1,CDKN2B-1
167b,09-097.258441,3570,26047,1.01,0.1,PTCH1-20
167b,09-097.284232,1816,14708,0.93,0.11,PTCH1-5
167b,09-134.767854,3416,28246,1.05,1,TSC1-18
167b,09-134.809748,3663,28767,1.14,0.15,TSC1-1
167b,10-089.680713,1719,15738,0.89,0.13,PTEN-4
167b,10-089.682864,2115,19496,0.9,0.12,PTEN-5
167b,10-089.710865,1423,14142,0.83,0.14,PTEN-8
167b,11-032.366613,1547,17327,1.01,0.13,WT1-11
167b,11-032.413841,3144,24378,1.18,0.17,WT1-1
167b,13-031.791351,2846,19410,0.88,0.12,BRCA2-3
167b,13-031.803112,3249,24253,0.87,0.11,BRCA2-9
167b,13-047.814761,1742,19373,0.99,0.08,RB1-3
167b,13-047.948892,2673,23903,0.95,0.08,RB1-25
167b,13-049.521254,5241,35565,0.94,0.09,MIR15A-1
167b,13-049.576833,3300,21236,0.85,0.12,DLEU1-2
167b,16-002.038612,2694,18488,1.04,0.09,TSC2-1
167b,16-002.067648,1508,13854,1.1,0.15,TSC2-25
167b,16-002.076651,3036,22792,1.09,0.19,TSC2-38
167b,17-007.514677,1485,15876,1.08,1,TP53-10
167b,17-007.519217,3280,25853,1,0.08,TP53-4b
167b,17-007.531504,3295,26938,1.05,0.16,TP53-1
167b,17-026.577746,1397,14276,0.96,0.09,NF1-18
167b,17-026.681489,3249,24148,0.94,0.1,NF1-39
167b,17-038.450829,2139,21199,0.98,0.08,BRCA1-24
167b,17-038.479889,3254,28619,0.97,0.13,BRCA1-15
167b,17-038.510430,2125,15806,0.88,0.12,BRCA1-6
167b,18-046.829678,2282,20006,0.91,0.13,SMAD4-4
167b,18-046.858705,1887,20199,1.02,1,SMAD4-12
167b,19-001.157954,3025,21416,1.1,0.14,STK11-1
167b,19-001.170331,2233,16889,1.09,0.12,STK11-3
167b,19-018.503959,2491,20335,1.12,0.14,FKBP8-9
167b,19-018.511130,2726,19923,1.1,0.12,FKBP8-4
167b,22-022.459352,2659,22156,1.16,0.2,SMARCB1-1
167b,22-022.506421,2714,18665,1.02,0.1,SMARCB1-9
167b,X-063.326842,480,4791,1.01,1,AMER1-2
167b,X-063.342134,2648,17120,1.18,0.2,AMER1-1
167b,02-061.126370,1853,21293,1.04,0.1,References PEX13
167b,02-189.557818,3603,26137,0.96,0.09,References COL3A1
167b,04-001.902193,1717,18783,1.06,1,References WHSC1
167b,04-187.390323,3533,24098,0.93,0.1,References KLKB1
167b,05-132.037607,3680,24673,0.96,0.1,References IL4
167b,06-065.588251,2178,18943,0.91,0.14,References EYS
167b,06-108.321498,1729,18303,0.95,0.09,References SEC63
167b,11-095.238425,2590,19525,1.13,0.15,References MTMR2
167b,14-022.972596,3553,24151,1.03,0.09,References MYH7
167b,15-042.653071,1759,17912,1.09,0.12,References SPG11
167b,16-080.537323,2193,20416,1.04,0.1,References PLCG2
167b,21-037.919589,2442,17666,0.78,0.18,References KCNJ6
167C,01-001.274237,996,8853,0.8,0.2,DVL1-1
167C,01-003.150503,679,9444,0.88,0.21,PRDM16-3
167C,01-006.150830,654,9429,0.97,0.26,CHD5-2
167C,01-007.727575,1164,12654,0.83,0.13,CAMTA1-18
167C,01-010.214967,1704,14516,0.94,0.15,KIF1B-2
167C,03-010.158544,1013,12637,0.75,0.19,VHL-1
167C,03-010.163233,993,12774,0.87,0.14,VHL-2
167C,03-059.972109,1162,14313,1.2,0.21,FHIT-7
167C,03-060.782680,1220,13870,1,0.19,FHIT-4
167C,05-112.182873,903,9843,0.94,0.14,APC-12
167C,05-112.206814,815,10455,1.06,1,APC-18
167C,09-021.958641,919,11857,0.57,0.11,CDKN2A-4
167C,09-021.961213,874,7864,0.58,0.09,CDKN2A-3
167C,09-021.998809,712,10021,0.64,1,CDKN2B-1
167C,09-097.258441,1731,18376,1.05,0.18,PTCH1-20
167C,09-097.284232,1477,17141,1.45,0.24,PTCH1-5
167C,09-134.767854,2226,24096,1.14,1,TSC1-18
167C,09-134.809748,1718,20730,1.16,0.24,TSC1-1
167C,10-089.680713,1163,14438,1.03,0.18,PTEN-4
167C,10-089.682864,1310,16522,0.95,0.16,PTEN-5
167C,10-089.710865,1173,15862,1.11,0.2,PTEN-8
167C,11-032.366613,1167,16985,1.12,0.23,WT1-11
167C,11-032.413841,965,10963,0.76,0.17,WT1-1
167C,13-031.791351,1485,13488,0.91,0.15,BRCA2-3
167C,13-031.803112,1755,18944,0.97,0.16,BRCA2-9
167C,13-047.814761,959,13202,0.75,0.12,RB1-3
167C,13-047.948892,1350,14962,0.73,0.11,RB1-25
167C,13-049.521254,1990,17052,0.68,0.11,MIR15A-1
167C,13-049.576833,1479,12538,0.78,0.13,DLEU1-2
167C,16-002.038612,1219,10133,0.89,0.15,TSC2-1
167C,16-002.067648,631,8305,0.84,0.17,TSC2-25
167C,16-002.076651,915,9944,0.71,0.16,TSC2-38
167C,17-007.514677,472,6786,0.51,1,TP53-10
167C,17-007.519217,667,8928,0.48,0.08,TP53-4b
167C,17-007.531504,1148,13715,0.71,0.15,TP53-1
167C,17-026.577746,904,12109,0.97,0.15,NF1-18
167C,17-026.681489,1713,18325,1.02,0.16,NF1-39
167C,17-038.450829,1189,16716,0.96,0.15,BRCA1-24
167C,17-038.479889,1667,20284,0.9,0.16,BRCA1-15
167C,17-038.510430,1208,12648,1.03,0.17,BRCA1-6
167C,18-046.829678,1365,16057,0.94,0.17,SMAD4-4
167C,18-046.858705,1066,15172,0.87,1,SMAD4-12
167C,19-001.157954,1167,11008,0.84,0.17,STK11-1
167C,19-001.170331,690,7551,0.71,0.13,STK11-3
167C,19-018.503959,903,11213,0.86,0.17,FKBP8-9
167C,19-018.511130,908,9451,0.75,0.14,FKBP8-4
167C,22-022.459352,980,11784,0.82,0.19,SMARCB1-1
167C,22-022.506421,928,8526,0.71,0.12,SMARCB1-9
167C,X-063.326842,290,3794,0.88,1,AMER1-2
167C,X-063.342134,1064,9005,0.99,0.24,AMER1-1
167C,02-061.126370,1507,21412,1.15,0.21,References PEX13
167C,02-189.557818,2128,22632,1.21,0.19,References COL3A1
167C,04-001.902193,916,13448,0.84,1,References WHSC1
167C,04-187.390323,1804,16821,0.96,0.15,References KLKB1
167C,05-132.037607,2166,17473,1.08,0.19,References IL4
167C,06-065.588251,1512,17988,1.11,0.21,References EYS
167C,06-108.321498,1224,17146,1.04,0.16,References SEC63
167C,11-095.238425,1613,16955,1.35,0.28,References MTMR2
167C,14-022.972596,1370,12130,0.79,0.13,References MYH7
167C,15-042.653071,900,12185,0.89,0.17,References SPG11
167C,16-080.537323,705,9435,0.6,0.11,References PLCG2
167C,21-037.919589,1353,11752,0.82,0.18,References KCNJ6
167D,01-001.274237,2168,16038,1.13,0.25,DVL1-1
167D,01-003.150503,1006,13480,1.04,0.22,PRDM16-3
167D,01-006.150830,846,11724,1,0.27,CHD5-2
167D,01-007.727575,1719,17918,0.96,0.12,CAMTA1-18
167D,01-010.214967,2643,19129,0.97,0.13,KIF1B-2
167D,03-010.158544,2239,20101,0.95,0.21,VHL-1
167D,03-010.163233,1308,14952,0.84,0.11,VHL-2
167D,03-059.972109,1741,16311,1.1,0.15,FHIT-7
167D,03-060.782680,1488,14850,0.87,0.13,FHIT-4
167D,05-112.182873,1668,14868,1.14,0.13,APC-12
167D,05-112.206814,1133,14333,1.19,1,APC-18
167D,09-021.958641,1990,20597,0.79,0.13,CDKN2A-4
167D,09-021.961213,1589,11467,0.67,0.08,CDKN2A-3
167D,09-021.998809,1153,15130,0.79,1,CDKN2B-1
167D,09-097.258441,2544,20912,0.94,0.12,PTCH1-20
167D,09-097.284232,1903,17695,1.2,0.15,PTCH1-5
167D,09-134.767854,3243,30649,1.16,1,TSC1-18
167D,09-134.809748,3646,32890,1.47,0.26,TSC1-1
167D,10-089.680713,1571,17063,0.99,0.13,PTEN-4
167D,10-089.682864,1832,20544,0.96,0.12,PTEN-5
167D,10-089.710865,1530,18902,1.09,0.17,PTEN-8
167D,11-032.366613,1725,23586,1.29,0.26,WT1-11
167D,11-032.413841,2452,21014,1.15,0.22,WT1-1
167D,13-031.791351,2186,16132,0.86,0.11,BRCA2-3
167D,13-031.803112,2684,22525,0.92,0.12,BRCA2-9
167D,13-047.814761,884,11566,0.55,0.07,RB1-3
167D,13-047.948892,1336,14156,0.56,0.07,RB1-25
167D,13-049.521254,2295,16915,0.53,0.06,MIR15A-1
167D,13-049.576833,1843,14317,0.69,0.1,DLEU1-2
167D,16-002.038612,1938,13664,0.93,0.13,TSC2-1
167D,16-002.067648,1142,12818,1.04,0.17,TSC2-25
167D,16-002.076651,1768,14672,0.83,0.15,TSC2-38
167D,17-007.514677,515,6964,0.43,1,TP53-10
167D,17-007.519217,1060,9998,0.43,0.05,TP53-4b
167D,17-007.531504,1468,13962,0.58,0.09,TP53-1
167D,17-026.577746,1048,13131,0.87,0.1,NF1-18
167D,17-026.681489,2478,20485,0.9,0.1,NF1-39
167D,17-038.450829,1574,19460,0.91,0.11,BRCA1-24
167D,17-038.479889,2337,24193,0.86,0.11,BRCA1-15
167D,17-038.510430,1776,14002,0.9,0.11,BRCA1-6
167D,18-046.829678,1957,20046,0.95,0.13,SMAD4-4
167D,18-046.858705,1508,19881,0.94,1,SMAD4-12
167D,19-001.157954,2432,18732,1.13,0.18,STK11-1
167D,19-001.170331,1675,14115,1.05,0.16,STK11-3
167D,19-018.503959,1861,17456,1.07,0.18,FKBP8-9
167D,19-018.511130,2022,16111,1.02,0.17,FKBP8-4
167D,22-022.459352,2067,20126,1.13,0.22,SMARCB1-1
167D,22-022.506421,1724,13189,0.86,0.11,SMARCB1-9
167D,X-063.326842,453,5498,1.05,1,AMER1-2
167D,X-063.342134,2097,15139,1.29,0.31,AMER1-1
167D,02-061.126370,1658,23441,1.05,0.17,References PEX13
167D,02-189.557818,3189,25786,1.09,0.13,References COL3A1
167D,04-001.902193,1242,17507,0.9,1,References WHSC1
167D,04-187.390323,2969,22112,1,0.11,References KLKB1
167D,05-132.037607,3367,23703,1.14,0.19,References IL4
167D,06-065.588251,1923,19805,0.99,0.14,References EYS
167D,06-108.321498,1563,19966,1,0.11,References SEC63
167D,11-095.238425,2360,20123,1.28,0.22,References MTMR2
167D,14-022.972596,2104,15783,0.8,0.11,References MYH7
167D,15-042.653071,1220,15435,0.93,0.16,References SPG11
167D,16-080.537323,1153,13068,0.68,0.09,References PLCG2
167D,21-037.919589,2166,16476,0.89,0.17,References KCNJ6
167E,01-001.274237,1973,15339,1.39,0.76,DVL1-1
167E,01-003.150503,0,0,0,0,PRDM16-3
167E,01-006.150830,0,0,0,0,CHD5-2
167E,01-007.727575,259,3128,0.54,0.27,CAMTA1-18
167E,01-010.214967,1868,14047,0.98,0.49,KIF1B-2
167E,03-010.158544,1134,11083,1.02,0.54,VHL-1
167E,03-010.163233,295,3733,0.73,0.37,VHL-2
167E,03-059.972109,811,7901,1.08,0.54,FHIT-7
167E,03-060.782680,325,3858,0.57,0.29,FHIT-4
167E,05-112.182873,414,3972,0.64,0.32,APC-12
167E,05-112.206814,0,0,0,0,APC-18
167E,09-021.958641,1222,13261,0.81,0.43,CDKN2A-4
167E,09-021.961213,869,6587,0.52,0.26,CDKN2A-3
167E,09-021.998809,0,0,0,0,CDKN2B-1
167E,09-097.258441,1838,15944,1.1,0.55,PTCH1-20
167E,09-097.284232,891,8604,1.27,0.63,PTCH1-5
167E,09-134.767854,777,7667,0.66,1,TSC1-18
167E,09-134.809748,1802,16736,1.36,0.71,TSC1-1
167E,10-089.680713,665,8083,1.3,0.64,PTEN-4
167E,10-089.682864,544,6576,0.95,0.47,PTEN-5
167E,10-089.710865,0,0,0,0,PTEN-8
167E,11-032.366613,0,0,0,0,WT1-11
167E,11-032.413841,1469,13503,1.32,0.7,WT1-1
167E,13-031.791351,2024,15600,1.22,0.6,BRCA2-3
167E,13-031.803112,1652,14573,1.02,0.51,BRCA2-9
167E,13-047.814761,0,0,0,0,RB1-3
167E,13-047.948892,243,2682,0.39,0.2,RB1-25
167E,13-049.521254,2453,17996,0.78,0.39,MIR15A-1
167E,13-049.576833,3086,23600,1.53,0.78,DLEU1-2
167E,16-002.038612,3640,25698,2.31,1.19,TSC2-1
167E,16-002.067648,270,3366,0.79,0.4,TSC2-25
167E,16-002.076651,2661,22463,1.82,0.93,TSC2-38
167E,17-007.514677,0,0,0,0,TP53-10
167E,17-007.519217,758,7588,0.62,0.32,TP53-4b
167E,17-007.531504,1843,17526,1.64,0.82,TP53-1
167E,17-026.577746,256,3245,0.94,0.47,NF1-18
167E,17-026.681489,1466,12187,0.94,0.46,NF1-39
167E,17-038.450829,402,5267,0.82,0.41,BRCA1-24
167E,17-038.479889,719,8003,0.7,0.34,BRCA1-15
167E,17-038.510430,1051,9347,0.94,0.46,BRCA1-6
167E,18-046.829678,608,6873,0.87,0.43,SMAD4-4
167E,18-046.858705,310,4514,0.96,1,SMAD4-12
167E,19-001.157954,1287,10036,0.91,0.47,STK11-1
167E,19-001.170331,1964,17301,2.12,1.1,STK11-3
167E,19-018.503959,692,7094,0.81,0.42,FKBP8-9
167E,19-018.511130,2779,23212,2.46,1.29,FKBP8-4
167E,22-022.459352,1952,20204,2.62,1.36,SMARCB1-1
167E,22-022.506421,1752,13756,1.27,0.64,SMARCB1-9
167E,X-063.326842,0,0,0,0,AMER1-2
167E,X-063.342134,2762,20861,2.28,1.31,AMER1-1
167E,02-061.126370,265,3330,1.74,0.92,References PEX13
167E,02-189.557818,3747,29939,2.05,1.02,References COL3A1
167E,04-001.902193,322,4230,1.19,1,References WHSC1
167E,04-187.390323,1744,13984,0.94,0.47,References KLKB1
167E,05-132.037607,6432,45427,2.75,1.46,References IL4
167E,06-065.588251,430,4652,0.6,0.3,References EYS
167E,06-108.321498,202,2640,0.7,0.35,References SEC63
167E,11-095.238425,1431,13072,1.65,0.85,References MTMR2
167E,14-022.972596,1394,10206,0.73,0.38,References MYH7
167E,15-042.653071,220,3058,0.77,0.41,References SPG11
167E,16-080.537323,200,2625,0.41,0.21,References PLCG2
167E,21-037.919589,2444,17696,1.18,0.61,References KCNJ6
167G,01-001.274237,1377,10388,0.73,0.23,DVL1-1
167G,01-003.150503,808,9311,0.87,0.26,PRDM16-3
167G,01-006.150830,701,8235,0.86,0.26,CHD5-2
167G,01-007.727575,1518,14213,0.87,0.21,CAMTA1-18
167G,01-010.214967,3142,22663,1.18,0.3,KIF1B-2
167G,03-010.158544,1138,10258,0.53,0.17,VHL-1
167G,03-010.163233,970,9908,0.64,0.16,VHL-2
167G,03-059.972109,1550,14096,1.04,0.28,FHIT-7
167G,03-060.782680,1569,14627,0.97,0.28,FHIT-4
167G,05-112.182873,1353,11807,0.99,0.25,APC-12
167G,05-112.206814,990,10924,1.13,1,APC-18
167G,09-021.958641,1334,13601,0.54,0.14,CDKN2A-4
167G,09-021.961213,1230,9014,0.53,0.13,CDKN2A-3
167G,09-021.998809,696,7830,0.5,1,CDKN2B-1
167G,09-097.258441,2331,18634,0.87,0.23,PTCH1-20
167G,09-097.284232,1801,16599,1.25,0.33,PTCH1-5
167G,09-134.767854,2438,21959,0.97,1,TSC1-18
167G,09-134.809748,1887,16723,0.8,0.22,TSC1-1
167G,10-089.680713,1602,16175,1.07,0.3,PTEN-4
167G,10-089.682864,1792,18008,0.97,0.26,PTEN-5
167G,10-089.710865,1321,14118,0.96,0.26,PTEN-8
167G,11-032.366613,1330,15926,1.06,0.27,WT1-11
167G,11-032.413841,1594,13936,0.82,0.24,WT1-1
167G,13-031.791351,2174,15701,0.87,0.23,BRCA2-3
167G,13-031.803112,2426,19839,0.86,0.22,BRCA2-9
167G,13-047.814761,614,7156,0.42,0.1,RB1-3
167G,13-047.948892,945,8683,0.4,0.1,RB1-25
167G,13-049.521254,2619,19378,0.62,0.16,MIR15A-1
167G,13-049.576833,1474,11124,0.55,0.14,DLEU1-2
167G,16-002.038612,1866,13330,0.92,0.23,TSC2-1
167G,16-002.067648,726,7351,0.69,0.2,TSC2-25
167G,16-002.076651,1201,9960,0.58,0.18,TSC2-38
167G,17-007.514677,306,3603,0.28,1,TP53-10
167G,17-007.519217,657,6058,0.28,0.07,TP53-4b
167G,17-007.531504,911,8502,0.39,0.12,TP53-1
167G,17-026.577746,999,11168,0.87,0.22,NF1-18
167G,17-026.681489,2832,22790,1.07,0.28,NF1-39
167G,17-038.450829,1433,15727,0.85,0.21,BRCA1-24
167G,17-038.479889,2292,23056,0.92,0.26,BRCA1-15
167G,17-038.510430,1946,15614,1.05,0.28,BRCA1-6
167G,18-046.829678,1821,17346,0.93,0.26,SMAD4-4
167G,18-046.858705,1478,17088,1,1,SMAD4-12
167G,19-001.157954,1682,12875,0.8,0.22,STK11-1
167G,19-001.170331,1038,8711,0.68,0.18,STK11-3
167G,19-018.503959,1205,11056,0.73,0.2,FKBP8-9
167G,19-018.511130,1333,10623,0.71,0.19,FKBP8-4
167G,22-022.459352,854,8042,0.5,0.16,SMARCB1-1
167G,22-022.506421,1029,7705,0.51,0.13,SMARCB1-9
167G,X-063.326842,301,3412,0.83,1,AMER1-2
167G,X-063.342134,1202,8487,0.72,0.21,AMER1-1
167G,02-061.126370,1440,17271,0.96,0.24,References PEX13
167G,02-189.557818,3669,29414,1.31,0.33,References COL3A1
167G,04-001.902193,1039,12304,0.8,1,References WHSC1
167G,04-187.390323,3057,22791,1.07,0.27,References KLKB1
167G,05-132.037607,3457,24234,1.16,0.28,References IL4
167G,06-065.588251,2433,23224,1.31,0.37,References EYS
167G,06-108.321498,1560,17759,1.07,0.27,References SEC63
167G,11-095.238425,2229,18756,1.3,0.37,References MTMR2
167G,14-022.972596,1903,14202,0.74,0.18,References MYH7
167G,15-042.653071,754,8137,0.57,0.15,References SPG11
167G,16-080.537323,1035,11177,0.67,0.17,References PLCG2
167G,21-037.919589,1844,13655,0.75,0.24,References KCNJ6
167H,01-001.274237,1098,7815,0.48,0.15,DVL1-1
167H,01-003.150503,608,6671,0.57,0.17,PRDM16-3
167H,01-006.150830,625,6941,0.67,0.21,CHD5-2
167H,01-007.727575,1688,15423,0.85,0.22,CAMTA1-18
167H,01-010.214967,4134,28381,1.26,0.35,KIF1B-2
167H,03-010.158544,1099,9009,0.41,0.14,VHL-1
167H,03-010.163233,1065,10265,0.6,0.16,VHL-2
167H,03-059.972109,2134,17845,1.15,0.33,FHIT-7
167H,03-060.782680,1851,16102,0.95,0.29,FHIT-4
167H,05-112.182873,1570,12696,0.94,0.25,APC-12
167H,05-112.206814,1106,11685,1.09,1,APC-18
167H,09-021.958641,1336,13397,0.46,0.12,CDKN2A-4
167H,09-021.961213,1319,9192,0.47,0.12,CDKN2A-3
167H,09-021.998809,580,6338,0.37,1,CDKN2B-1
167H,09-097.258441,2228,16819,0.68,0.19,PTCH1-20
167H,09-097.284232,2455,20610,1.37,0.39,PTCH1-5
167H,09-134.767854,2570,21389,0.83,1,TSC1-18
167H,09-134.809748,1744,14306,0.6,0.17,TSC1-1
167H,10-089.680713,1991,18229,1.08,0.31,PTEN-4
167H,10-089.682864,2250,21470,1.04,0.29,PTEN-5
167H,10-089.710865,1442,14496,0.88,0.26,PTEN-8
167H,11-032.366613,1451,16226,0.99,0.27,WT1-11
167H,11-032.413841,1418,11527,0.59,0.18,WT1-1
167H,13-031.791351,2737,18856,0.9,0.25,BRCA2-3
167H,13-031.803112,2948,22642,0.85,0.24,BRCA2-9
167H,13-047.814761,893,10120,0.54,0.14,RB1-3
167H,13-047.948892,1204,10509,0.44,0.11,RB1-25
167H,13-049.521254,3870,27547,0.76,0.2,MIR15A-1
167H,13-049.576833,2110,15814,0.66,0.18,DLEU1-2
167H,16-002.038612,2160,14623,0.86,0.23,TSC2-1
167H,16-002.067648,567,5200,0.43,0.13,TSC2-25
167H,16-002.076651,895,7242,0.37,0.12,TSC2-38
167H,17-007.514677,351,3784,0.27,1,TP53-10
167H,17-007.519217,765,6504,0.26,0.07,TP53-4b
167H,17-007.531504,1037,8956,0.37,0.11,TP53-1
167H,17-026.577746,1085,11396,0.81,0.22,NF1-18
167H,17-026.681489,3563,27104,1.11,0.3,NF1-39
167H,17-038.450829,1793,18247,0.89,0.23,BRCA1-24
167H,17-038.479889,2703,24206,0.86,0.25,BRCA1-15
167H,17-038.510430,2612,19863,1.16,0.33,BRCA1-6
167H,18-046.829678,2585,22953,1.1,0.33,SMAD4-4
167H,18-046.858705,1772,19140,1.02,1,SMAD4-12
167H,19-001.157954,1600,11498,0.62,0.18,STK11-1
167H,19-001.170331,932,7379,0.5,0.14,STK11-3
167H,19-018.503959,1148,9535,0.55,0.16,FKBP8-9
167H,19-018.511130,1174,8853,0.51,0.14,FKBP8-4
167H,22-022.459352,724,6475,0.36,0.11,SMARCB1-1
167H,22-022.506421,1083,7640,0.44,0.12,SMARCB1-9
167H,X-063.326842,250,2492,0.55,1,AMER1-2
167H,X-063.342134,1060,6868,0.5,0.15,AMER1-1
167H,02-061.126370,1665,19472,1,0.26,References PEX13
167H,02-189.557818,4667,34920,1.35,0.36,References COL3A1
167H,04-001.902193,976,11188,0.66,1,References WHSC1
167H,04-187.390323,3939,28095,1.14,0.31,References KLKB1
167H,05-132.037607,4051,27562,1.12,0.29,References IL4
167H,06-065.588251,2789,24570,1.24,0.37,References EYS
167H,06-108.321498,1711,18441,1.01,0.27,References SEC63
167H,11-095.238425,2764,21836,1.33,0.39,References MTMR2
167H,14-022.972596,1846,13058,0.58,0.15,References MYH7
167H,15-042.653071,768,8172,0.52,0.14,References SPG11
167H,16-080.537323,1208,11930,0.64,0.17,References PLCG2
167H,21-037.919589,2250,16392,0.76,0.26,References KCNJ6
167J,01-001.274237,1659,12570,0.66,0.2,DVL1-1
167J,01-003.150503,583,10767,0.56,0.17,PRDM16-3
167J,01-006.150830,650,12508,0.71,0.23,CHD5-2
167J,01-007.727575,1440,18878,0.7,0.17,CAMTA1-18
167J,01-010.214967,3791,27925,1.04,0.25,KIF1B-2
167J,03-010.158544,1590,15522,0.53,0.17,VHL-1
167J,03-010.163233,1460,20886,0.81,0.19,VHL-2
167J,03-059.972109,2509,25233,1.21,0.3,FHIT-7
167J,03-060.782680,2297,26004,1.08,0.28,FHIT-4
167J,05-112.182873,1925,19212,1.05,0.24,APC-12
167J,05-112.206814,1228,20501,1.22,1,APC-18
167J,09-021.958641,1765,18435,0.51,0.13,CDKN2A-4
167J,09-021.961213,1607,11606,0.5,0.12,CDKN2A-3
167J,09-021.998809,753,11925,0.45,1,CDKN2B-1
167J,09-097.258441,2146,17839,0.59,0.14,PTCH1-20
167J,09-097.284232,2568,26560,1.29,0.32,PTCH1-5
167J,09-134.767854,3127,33666,0.94,1,TSC1-18
167J,09-134.809748,2632,25278,0.81,0.22,TSC1-1
167J,10-089.680713,2182,28172,1.15,0.29,PTEN-4
167J,10-089.682864,2363,31458,1.03,0.25,PTEN-5
167J,10-089.710865,1702,25320,1.01,0.25,PTEN-8
167J,11-032.366613,1531,29398,1.08,0.29,WT1-11
167J,11-032.413841,1483,13688,0.54,0.15,WT1-1
167J,13-031.791351,3588,27405,1.07,0.26,BRCA2-3
167J,13-031.803112,3639,31566,0.93,0.22,BRCA2-9
167J,13-047.814761,980,19153,0.61,0.15,RB1-3
167J,13-047.948892,1516,21506,0.59,0.14,RB1-25
167J,13-049.521254,4018,30006,0.69,0.16,MIR15A-1
167J,13-049.576833,2582,19253,0.69,0.17,DLEU1-2
167J,16-002.038612,2358,16793,0.85,0.21,TSC2-1
167J,16-002.067648,791,10383,0.59,0.16,TSC2-25
167J,16-002.076651,1208,10688,0.44,0.13,TSC2-38
167J,17-007.514677,379,6984,0.31,1,TP53-10
167J,17-007.519217,973,10177,0.31,0.07,TP53-4b
167J,17-007.531504,1277,13909,0.41,0.12,TP53-1
167J,17-026.577746,1265,20361,0.92,0.22,NF1-18
167J,17-026.681489,4155,35687,1.14,0.27,NF1-39
167J,17-038.450829,2124,30585,0.99,0.24,BRCA1-24
167J,17-038.479889,3226,36774,0.93,0.24,BRCA1-15
167J,17-038.510430,3130,25829,1.21,0.3,BRCA1-6
167J,18-046.829678,2993,35837,1.19,0.31,SMAD4-4
167J,18-046.858705,1626,27306,0.93,1,SMAD4-12
167J,19-001.157954,1736,13776,0.61,0.16,STK11-1
167J,19-001.170331,1189,10389,0.56,0.14,STK11-3
167J,19-018.503959,1330,13010,0.57,0.15,FKBP8-9
167J,19-018.511130,1637,13556,0.62,0.16,FKBP8-4
167J,22-022.459352,1286,14223,0.57,0.17,SMARCB1-1
167J,22-022.506421,1531,11981,0.57,0.14,SMARCB1-9
167J,X-063.326842,326,5681,0.77,1,AMER1-2
167J,X-063.342134,1544,10577,0.66,0.2,AMER1-1
167J,02-061.126370,1866,38717,1.16,0.29,References PEX13
167J,02-189.557818,4882,40369,1.24,0.29,References COL3A1
167J,04-001.902193,1170,20748,0.77,1,References WHSC1
167J,04-187.390323,4941,38222,1.26,0.3,References KLKB1
167J,05-132.037607,4727,33336,1.18,0.29,References IL4
167J,06-065.588251,2885,33847,1.19,0.31,References EYS
167J,06-108.321498,1513,25928,0.89,0.21,References SEC63
167J,11-095.238425,3038,28411,1.29,0.36,References MTMR2
167J,14-022.972596,2011,15193,0.57,0.14,References MYH7
167J,15-042.653071,973,15122,0.62,0.16,References SPG11
167J,16-080.537323,1111,14799,0.54,0.13,References PLCG2
167J,21-037.919589,2496,19295,0.79,0.23,References KCNJ6
167L,01-001.274237,685,5244,0.45,0.17,DVL1-1
167L,01-003.150503,417,5079,0.43,0.16,PRDM16-3
167L,01-006.150830,524,5880,0.54,0.2,CHD5-2
167L,01-007.727575,929,8966,0.54,0.17,CAMTA1-18
167L,01-010.214967,2244,16330,0.99,0.3,KIF1B-2
167L,03-010.158544,666,5937,0.33,0.13,VHL-1
167L,03-010.163233,1106,11373,0.71,0.22,VHL-2
167L,03-059.972109,1798,16038,1.24,0.39,FHIT-7
167L,03-060.782680,1716,15952,1.06,0.35,FHIT-4
167L,05-112.182873,1110,9626,0.84,0.26,APC-12
167L,05-112.206814,1026,11520,1.09,1,APC-18
167L,09-021.958641,694,8670,0.39,0.12,CDKN2A-4
167L,09-021.961213,627,4473,0.31,0.1,CDKN2A-3
167L,09-021.998809,390,4700,0.29,1,CDKN2B-1
167L,09-097.258441,1332,10803,0.57,0.19,PTCH1-20
167L,09-097.284232,2688,24407,1.91,0.62,PTCH1-5
167L,09-134.767854,2012,17728,0.8,1,TSC1-18
167L,09-134.809748,1485,13677,0.71,0.25,TSC1-1
167L,10-089.680713,2155,22240,1.46,0.48,PTEN-4
167L,10-089.682864,2174,21474,1.13,0.36,PTEN-5
167L,10-089.710865,1866,20472,1.31,0.41,PTEN-8
167L,11-032.366613,1382,15837,0.94,0.3,WT1-11
167L,11-032.413841,628,5660,0.36,0.13,WT1-1
167L,13-031.791351,2471,17935,1.13,0.36,BRCA2-3
167L,13-031.803112,2659,21607,1.03,0.32,BRCA2-9
167L,13-047.814761,1223,14357,0.74,0.23,RB1-3
167L,13-047.948892,1295,12476,0.55,0.17,RB1-25
167L,13-049.521254,3021,22529,0.84,0.26,MIR15A-1
167L,13-049.576833,1973,15057,0.87,0.27,DLEU1-2
167L,16-002.038612,1162,8360,0.68,0.22,TSC2-1
167L,16-002.067648,429,4326,0.4,0.14,TSC2-25
167L,16-002.076651,444,3727,0.25,0.09,TSC2-38
167L,17-007.514677,254,2946,0.21,1,TP53-10
167L,17-007.519217,535,5109,0.25,0.08,TP53-4b
167L,17-007.531504,788,7285,0.35,0.13,TP53-1
167L,17-026.577746,963,11309,0.83,0.26,NF1-18
167L,17-026.681489,3315,26565,1.36,0.43,NF1-39
167L,17-038.450829,1699,18901,0.99,0.31,BRCA1-24
167L,17-038.479889,2121,20305,0.83,0.28,BRCA1-15
167L,17-038.510430,2278,18180,1.38,0.44,BRCA1-6
167L,18-046.829678,2660,25707,1.38,0.46,SMAD4-4
167L,18-046.858705,1032,12206,0.67,1,SMAD4-12
167L,19-001.157954,885,7186,0.51,0.18,STK11-1
167L,19-001.170331,531,4307,0.37,0.12,STK11-3
167L,19-018.503959,626,5698,0.41,0.14,FKBP8-9
167L,19-018.511130,734,5710,0.42,0.14,FKBP8-4
167L,22-022.459352,769,7195,0.47,0.18,SMARCB1-1
167L,22-022.506421,610,4680,0.36,0.12,SMARCB1-9
167L,X-063.326842,0,0,0,0,AMER1-2
167L,X-063.342134,520,3388,0.34,0.12,AMER1-1
167L,02-061.126370,2049,25246,1.22,0.39,References PEX13
167L,02-189.557818,2919,23146,1.15,0.36,References COL3A1
167L,04-001.902193,680,8420,0.5,1,References WHSC1
167L,04-187.390323,2632,20075,1.07,0.34,References KLKB1
167L,05-132.037607,2412,17300,0.99,0.3,References IL4
167L,06-065.588251,2376,22761,1.29,0.44,References EYS
167L,06-108.321498,1648,18962,1.04,0.33,References SEC63
167L,11-095.238425,2459,20327,1.5,0.53,References MTMR2
167L,14-022.972596,742,5634,0.34,0.11,References MYH7
167L,15-042.653071,621,7045,0.47,0.15,References SPG11
167L,16-080.537323,624,6558,0.38,0.13,References PLCG2
167L,21-037.919589,1235,9364,0.61,0.22,References KCNJ6
167M,01-001.274237,316,4140,0.42,0.2,DVL1-1
167M,01-003.150503,0,0,0,0,PRDM16-3
167M,01-006.150830,260,5816,0.58,0.27,CHD5-2
167M,01-007.727575,459,8664,0.58,0.24,CAMTA1-18
167M,01-010.214967,1300,15194,1.09,0.45,KIF1B-2
167M,03-010.158544,306,5533,0.35,0.17,VHL-1
167M,03-010.163233,604,12899,0.9,0.37,VHL-2
167M,03-059.972109,1048,20249,1.79,0.76,FHIT-7
167M,03-060.782680,998,16818,1.27,0.56,FHIT-4
167M,05-112.182873,541,8678,0.87,0.36,APC-12
167M,05-112.206814,469,10301,1.09,1,APC-18
167M,09-021.958641,314,6981,0.36,0.16,CDKN2A-4
167M,09-021.961213,483,5803,0.48,0.2,CDKN2A-3
167M,09-021.998809,202,4608,0.31,1,CDKN2B-1
167M,09-097.258441,347,6164,0.38,0.17,PTCH1-20
167M,09-097.284232,1072,18841,1.68,0.73,PTCH1-5
167M,09-134.767854,981,14041,0.72,1,TSC1-18
167M,09-134.809748,421,7664,0.46,0.21,TSC1-1
167M,10-089.680713,1188,26361,1.95,0.85,PTEN-4
167M,10-089.682864,1136,24712,1.46,0.63,PTEN-5
167M,10-089.710865,879,21902,1.56,0.66,PTEN-8
167M,11-032.366613,566,12057,0.78,0.33,WT1-11
167M,11-032.413841,0,0,0,0,WT1-1
167M,13-031.791351,1475,18990,1.41,0.6,BRCA2-3
167M,13-031.803112,1410,21167,1.17,0.49,BRCA2-9
167M,13-047.814761,1207,28365,1.59,0.67,RB1-3
167M,13-047.948892,1223,24622,1.21,0.5,RB1-25
167M,13-049.521254,2937,36638,1.63,0.68,MIR15A-1
167M,13-049.576833,2495,25968,1.78,0.74,DLEU1-2
167M,16-002.038612,714,7802,0.76,0.32,TSC2-1
167M,16-002.067648,0,0,0,0,TSC2-25
167M,16-002.076651,0,0,0,0,TSC2-38
167M,17-007.514677,224,5291,0.42,1,TP53-10
167M,17-007.519217,401,8409,0.48,0.2,TP53-4b
167M,17-007.531504,702,14003,0.77,0.36,TP53-1
167M,17-026.577746,601,13018,1.05,0.44,NF1-18
167M,17-026.681489,1671,28357,1.69,0.72,NF1-39
167M,17-038.450829,734,18482,1.08,0.46,BRCA1-24
167M,17-038.479889,1084,20399,0.94,0.42,BRCA1-15
167M,17-038.510430,1145,18642,1.66,0.7,BRCA1-6
167M,18-046.829678,1542,28730,1.74,0.77,SMAD4-4
167M,18-046.858705,500,12793,0.77,1,SMAD4-12
167M,19-001.157954,412,6209,0.52,0.23,STK11-1
167M,19-001.170331,225,3458,0.35,0.15,STK11-3
167M,19-018.503959,241,4545,0.37,0.17,FKBP8-9
167M,19-018.511130,354,5142,0.44,0.19,FKBP8-4
167M,22-022.459352,361,6841,0.5,0.24,SMARCB1-1
167M,22-022.506421,294,4665,0.43,0.18,SMARCB1-9
167M,X-063.326842,0,0,0,0,AMER1-2
167M,X-063.342134,202,2741,0.33,0.15,AMER1-1
167M,02-061.126370,909,25696,1.35,0.57,References PEX13
167M,02-189.557818,1111,17725,1.03,0.43,References COL3A1
167M,04-001.902193,278,7597,0.5,1,References WHSC1
167M,04-187.390323,1221,17016,1.07,0.45,References KLKB1
167M,05-132.037607,1282,14823,1.02,0.42,References IL4
167M,06-065.588251,1472,25420,1.63,0.72,References EYS
167M,06-108.321498,787,20002,1.21,0.51,References SEC63
167M,11-095.238425,1471,21136,1.79,0.81,References MTMR2
167M,14-022.972596,405,5598,0.4,0.17,References MYH7
167M,15-042.653071,280,5962,0.44,0.19,References SPG11
167M,16-080.537323,424,8363,0.55,0.24,References PLCG2
167M,21-037.919589,622,7586,0.6,0.27,References KCNJ6
179B,01-001.274237,1017,10295,0.93,0.14,DVL1-1
179B,01-003.150503,381,9731,0.89,0.13,PRDM16-3
179B,01-006.150830,252,7776,0.79,0.16,CHD5-2
179B,01-007.727575,862,14902,0.98,0.1,CAMTA1-18
179B,01-010.214967,1631,16187,1.06,0.17,KIF1B-2
179B,03-010.158544,971,16832,0.99,0.16,VHL-1
179B,03-010.163233,681,14356,0.98,0.11,VHL-2
179B,03-059.972109,778,13356,1.13,0.21,FHIT-7
179B,03-060.782680,872,16659,1.22,0.25,FHIT-4
179B,05-112.182873,680,10797,1.04,0.13,APC-12
179B,05-112.206814,0,0,0,0,APC-18
179B,09-021.958641,1025,18765,0.91,0.11,CDKN2A-4
179B,09-021.961213,1290,13322,0.99,0.1,CDKN2A-3
179B,09-021.998809,0,0,0,0,CDKN2B-1
179B,09-097.258441,1186,18116,1.04,0.1,PTCH1-20
179B,09-097.284232,824,13191,1.12,0.15,PTCH1-5
179B,09-134.767854,0,0,0,0,TSC1-18
179B,09-134.809748,1013,17024,0.95,0.11,TSC1-1
179B,10-089.680713,830,16350,1.17,0.19,PTEN-4
179B,10-089.682864,1018,19825,1.14,0.17,PTEN-5
179B,10-089.710865,643,15474,1.1,0.22,PTEN-8
179B,11-032.366613,506,13114,0.86,0.14,WT1-11
179B,11-032.413841,841,13701,0.94,0.12,WT1-1
179B,13-031.791351,1484,16528,1.13,0.18,BRCA2-3
179B,13-031.803112,1387,20963,1.09,0.17,BRCA2-9
179B,13-047.814761,652,17667,1,0.1,RB1-3
179B,13-047.948892,988,20561,1,0.12,RB1-25
179B,13-049.521254,2672,25992,1.05,0.13,MIR15A-1
179B,13-049.576833,1858,16554,1.04,0.19,DLEU1-2
179B,16-002.038612,1240,10826,0.95,0.1,TSC2-1
179B,16-002.067648,512,10389,1.04,0.12,TSC2-25
179B,16-002.076651,800,15500,1.11,0.16,TSC2-38
179B,17-007.514677,0,0,0,0,TP53-10
179B,17-007.519217,1014,18290,0.98,0.1,TP53-4b
179B,17-007.531504,1083,21536,1.11,0.15,TP53-1
179B,17-026.577746,548,13078,1.05,0.11,NF1-18
179B,17-026.681489,1320,19388,1.08,0.13,NF1-39
179B,17-038.450829,759,17728,1.02,0.1,BRCA1-24
179B,17-038.479889,1256,25428,1.12,0.14,BRCA1-15
179B,17-038.510430,1044,13679,1.13,0.18,BRCA1-6
179B,18-046.829678,1174,20126,1.18,0.18,SMAD4-4
179B,18-046.858705,0,0,0,0,SMAD4-12
179B,19-001.157954,1126,13141,1,0.11,STK11-1
179B,19-001.170331,736,10225,0.96,0.1,STK11-3
179B,19-018.503959,722,12728,0.98,0.1,FKBP8-9
179B,19-018.511130,896,11743,0.93,0.1,FKBP8-4
179B,22-022.459352,729,14846,1.03,0.14,SMARCB1-1
179B,22-022.506421,950,12396,1.03,0.1,SMARCB1-9
179B,X-063.326842,0,0,0,0,AMER1-2
179B,X-063.342134,726,7487,0.82,0.15,AMER1-1
179B,02-061.126370,441,17040,0.91,0.11,References PEX13
179B,02-189.557818,1502,19351,1.04,0.11,References COL3A1
179B,04-001.902193,0,0,0,0,References WHSC1
179B,04-187.390323,1709,18756,1.08,0.14,References KLKB1
179B,05-132.037607,1650,14742,0.92,0.13,References IL4
179B,06-065.588251,1011,19380,1.2,0.19,References EYS
179B,06-108.321498,729,17240,1.04,0.12,References SEC63
179B,11-095.238425,755,12578,1,0.11,References MTMR2
179B,14-022.972596,1416,14648,0.95,0.1,References MYH7
179B,15-042.653071,536,12443,0.9,0.11,References SPG11
179B,16-080.537323,781,15699,1,0.09,References PLCG2
179B,21-037.919589,1297,18312,1.3,0.33,References KCNJ6
179C,01-001.274237,1180,8927,0.78,0.16,DVL1-1
179C,01-003.150503,729,9272,0.79,0.16,PRDM16-3
179C,01-006.150830,830,10984,1.03,0.28,CHD5-2
179C,01-007.727575,1674,16249,0.99,0.14,CAMTA1-18
179C,01-010.214967,2119,16099,1.01,0.16,KIF1B-2
179C,03-010.158544,1598,15737,0.88,0.18,VHL-1
179C,03-010.163233,1657,19386,1.24,0.17,VHL-2
179C,03-059.972109,1377,13817,1.1,0.18,FHIT-7
179C,03-060.782680,1628,17079,1.16,0.21,FHIT-4
179C,05-112.182873,1185,10706,0.97,0.13,APC-12
179C,05-112.206814,879,10838,1,1,APC-18
179C,09-021.958641,2013,22663,1.05,0.18,CDKN2A-4
179C,09-021.961213,1494,11421,0.82,0.11,CDKN2A-3
179C,09-021.998809,1097,14293,0.83,1,CDKN2B-1
179C,09-097.258441,1812,16018,0.88,0.11,PTCH1-20
179C,09-097.284232,1393,13664,1.09,0.14,PTCH1-5
179C,09-134.767854,2118,20702,0.9,1,TSC1-18
179C,09-134.809748,1672,16561,0.88,0.15,TSC1-1
179C,10-089.680713,942,10530,0.7,0.11,PTEN-4
179C,10-089.682864,1106,12770,0.68,0.1,PTEN-5
179C,10-089.710865,1098,13128,0.86,0.16,PTEN-8
179C,11-032.366613,1496,19319,1.17,0.24,WT1-11
179C,11-032.413841,1164,11405,0.75,0.13,WT1-1
179C,13-031.791351,1983,15376,1,0.15,BRCA2-3
179C,13-031.803112,2294,20402,1,0.15,BRCA2-9
179C,13-047.814761,1670,21645,1.13,0.15,RB1-3
179C,13-047.948892,2453,25680,1.16,0.16,RB1-25
179C,13-049.521254,3523,27065,1.05,0.14,MIR15A-1
179C,13-049.576833,2579,20172,1.22,0.21,DLEU1-2
179C,16-002.038612,1669,12200,1.04,0.15,TSC2-1
179C,16-002.067648,857,10021,0.94,0.14,TSC2-25
179C,16-002.076651,1320,11685,0.8,0.13,TSC2-38
179C,17-007.514677,936,12237,0.83,1,TP53-10
179C,17-007.519217,1662,17770,0.9,0.12,TP53-4b
179C,17-007.531504,1856,18878,0.92,0.14,TP53-1
179C,17-026.577746,1104,13830,1.03,0.13,NF1-18
179C,17-026.681489,2070,18535,0.98,0.12,NF1-39
179C,17-038.450829,1526,19305,1.03,0.13,BRCA1-24
179C,17-038.479889,2149,23133,0.96,0.13,BRCA1-15
179C,17-038.510430,1484,12894,1.01,0.15,BRCA1-6
179C,18-046.829678,1942,21416,1.17,0.17,SMAD4-4
179C,18-046.858705,1465,19083,1,1,SMAD4-12
179C,19-001.157954,1528,12641,0.92,0.14,STK11-1
179C,19-001.170331,1047,9458,0.85,0.13,STK11-3
179C,19-018.503959,1118,11231,0.82,0.13,FKBP8-9
179C,19-018.511130,1333,11620,0.88,0.14,FKBP8-4
179C,22-022.459352,1392,14417,0.94,0.17,SMARCB1-1
179C,22-022.506421,1174,9402,0.75,0.1,SMARCB1-9
179C,X-063.326842,429,4774,1,1,AMER1-2
179C,X-063.342134,1169,8815,0.94,0.22,AMER1-1
179C,02-061.126370,1836,24198,1.19,0.2,References PEX13
179C,02-189.557818,2309,19416,0.99,0.13,References COL3A1
179C,04-001.902193,1200,15764,0.9,1,References WHSC1
179C,04-187.390323,2958,23469,1.29,0.17,References KLKB1
179C,05-132.037607,2756,20068,1.21,0.21,References IL4
179C,06-065.588251,1666,17959,1.03,0.16,References EYS
179C,06-108.321498,1248,15577,0.87,0.11,References SEC63
179C,11-095.238425,1437,13009,0.98,0.15,References MTMR2
179C,14-022.972596,1764,13552,0.85,0.12,References MYH7
179C,15-042.653071,1319,16513,1.12,0.19,References SPG11
179C,16-080.537323,1327,15773,0.94,0.13,References PLCG2
179C,21-037.919589,1503,11854,0.81,0.18,References KCNJ6
179D,01-001.274237,900,11219,1.18,0.26,DVL1-1
179D,01-003.150503,437,11154,1.28,0.29,PRDM16-3
179D,01-006.150830,401,10277,1.31,0.38,CHD5-2
179D,01-007.727575,744,14492,1.16,0.18,CAMTA1-18
179D,01-010.214967,1260,13915,1.06,0.17,KIF1B-2
179D,03-010.158544,861,17262,1.22,0.26,VHL-1
179D,03-010.163233,704,16828,1.41,0.21,VHL-2
179D,03-059.972109,690,13708,1.39,0.23,FHIT-7
179D,03-060.782680,797,15507,1.36,0.23,FHIT-4
179D,05-112.182873,567,9658,1.11,0.16,APC-12
179D,05-112.206814,391,9273,1.16,1,APC-18
179D,09-021.958641,892,17032,0.98,0.18,CDKN2A-4
179D,09-021.961213,979,11659,1.02,0.15,CDKN2A-3
179D,09-021.998809,516,13151,1.03,1,CDKN2B-1
179D,09-097.258441,828,13437,0.91,0.12,PTCH1-20
179D,09-097.284232,642,11404,1.16,0.16,PTCH1-5
179D,09-134.767854,1324,18975,1.08,1,TSC1-18
179D,09-134.809748,946,16285,1.09,0.2,TSC1-1
179D,10-089.680713,400,8660,0.75,0.11,PTEN-4
179D,10-089.682864,488,10667,0.75,0.1,PTEN-5
179D,10-089.710865,351,8595,0.74,0.14,PTEN-8
179D,11-032.366613,582,14182,1.16,0.26,WT1-11
179D,11-032.413841,687,11533,0.95,0.18,WT1-1
179D,13-031.791351,968,11666,0.93,0.14,BRCA2-3
179D,13-031.803112,1114,17515,1.07,0.16,BRCA2-9
179D,13-047.814761,750,17000,1.2,0.17,RB1-3
179D,13-047.948892,841,19182,1.14,0.17,RB1-25
179D,13-049.521254,1698,19286,0.91,0.12,MIR15A-1
179D,13-049.576833,1478,14831,1.08,0.19,DLEU1-2
179D,16-002.038612,1195,12613,1.29,0.21,TSC2-1
179D,16-002.067648,558,12964,1.58,0.25,TSC2-25
179D,16-002.076651,758,12892,1.09,0.18,TSC2-38
179D,17-007.514677,466,12495,1.16,1,TP53-10
179D,17-007.519217,757,16598,1.06,0.16,TP53-4b
179D,17-007.531504,863,16833,1.05,0.16,TP53-1
179D,17-026.577746,489,10893,1.07,0.14,NF1-18
179D,17-026.681489,903,14056,0.93,0.12,NF1-39
179D,17-038.450829,593,16132,1.13,0.16,BRCA1-24
179D,17-038.479889,944,20726,1.11,0.15,BRCA1-15
179D,17-038.510430,695,10453,1.01,0.15,BRCA1-6
179D,18-046.829678,673,14759,1.05,0.15,SMAD4-4
179D,18-046.858705,525,14644,1.04,1,SMAD4-12
179D,19-001.157954,843,11879,1.07,0.17,STK11-1
179D,19-001.170331,724,10784,1.2,0.2,STK11-3
179D,19-018.503959,676,11729,1.08,0.18,FKBP8-9
179D,19-018.511130,892,12847,1.21,0.21,FKBP8-4
179D,22-022.459352,701,14426,1.21,0.23,SMARCB1-1
179D,22-022.506421,861,12117,1.18,0.16,SMARCB1-9
179D,X-063.326842,216,4379,1.25,1,AMER1-2
179D,X-063.342134,688,8609,1.1,0.28,AMER1-1
179D,02-061.126370,583,16820,1.12,0.21,References PEX13
179D,02-189.557818,1009,15034,0.95,0.13,References COL3A1
179D,04-001.902193,529,14304,1.11,1,References WHSC1
179D,04-187.390323,1372,17651,1.2,0.16,References KLKB1
179D,05-132.037607,1503,15623,1.13,0.22,References IL4
179D,06-065.588251,735,14468,1.08,0.16,References EYS
179D,06-108.321498,384,9373,0.7,0.09,References SEC63
179D,11-095.238425,627,9807,0.93,0.16,References MTMR2
179D,14-022.972596,1171,13690,1.04,0.17,References MYH7
179D,15-042.653071,508,12423,1.11,0.21,References SPG11
179D,16-080.537323,466,10900,0.85,0.12,References PLCG2
179D,21-037.919589,1081,11753,0.96,0.21,References KCNJ6
179E,01-001.274237,453,6206,0.63,0.17,DVL1-1
179E,01-003.150503,414,7455,0.61,0.16,PRDM16-3
179E,01-006.150830,341,8978,0.8,0.24,CHD5-2
179E,01-007.727575,910,14402,0.88,0.19,CAMTA1-18
179E,01-010.214967,1194,15962,1.13,0.26,KIF1B-2
179E,03-010.158544,689,11093,0.66,0.19,VHL-1
179E,03-010.163233,994,17238,1.09,0.24,VHL-2
179E,03-059.972109,1144,20545,1.72,0.42,FHIT-7
179E,03-060.782680,1300,22410,1.57,0.4,FHIT-4
179E,05-112.182873,637,9983,0.94,0.21,APC-12
179E,05-112.206814,648,12906,1.2,1,APC-18
179E,09-021.958641,537,11278,0.57,0.13,CDKN2A-4
179E,09-021.961213,697,8521,0.7,0.15,CDKN2A-3
179E,09-021.998809,435,10331,0.62,1,CDKN2B-1
179E,09-097.258441,516,9244,0.56,0.12,PTCH1-20
179E,09-097.284232,951,15722,1.31,0.3,PTCH1-5
179E,09-134.767854,1378,17067,0.8,1,TSC1-18
179E,09-134.809748,677,11907,0.68,0.17,TSC1-1
179E,10-089.680713,782,14602,0.99,0.24,PTEN-4
179E,10-089.682864,872,16985,0.92,0.21,PTEN-5
179E,10-089.710865,669,15598,1.01,0.25,PTEN-8
179E,11-032.366613,952,20508,1.18,0.3,WT1-11
179E,11-032.413841,397,7049,0.5,0.13,WT1-1
179E,13-031.791351,1156,13785,1,0.23,BRCA2-3
179E,13-031.803112,1286,20599,1.09,0.25,BRCA2-9
179E,13-047.814761,1334,26029,1.29,0.28,RB1-3
179E,13-047.948892,1460,26984,1.21,0.26,RB1-25
179E,13-049.521254,2183,27848,1.22,0.27,MIR15A-1
179E,13-049.576833,1706,19823,1.36,0.33,DLEU1-2
179E,16-002.038612,953,10967,1.07,0.24,TSC2-1
179E,16-002.067648,370,6493,0.62,0.15,TSC2-25
179E,16-002.076651,286,5346,0.41,0.11,TSC2-38
179E,17-007.514677,438,10269,0.71,1,TP53-10
179E,17-007.519217,668,12588,0.68,0.15,TP53-4b
179E,17-007.531504,964,15281,0.78,0.19,TP53-1
179E,17-026.577746,645,13099,0.95,0.21,NF1-18
179E,17-026.681489,1361,22224,1.27,0.28,NF1-39
179E,17-038.450829,1183,21662,1.16,0.25,BRCA1-24
179E,17-038.479889,1292,24411,1.05,0.24,BRCA1-15
179E,17-038.510430,896,14349,1.24,0.29,BRCA1-6
179E,18-046.829678,1326,22681,1.27,0.3,SMAD4-4
179E,18-046.858705,776,18985,1.01,1,SMAD4-12
179E,19-001.157954,491,7355,0.6,0.14,STK11-1
179E,19-001.170331,398,6444,0.63,0.15,STK11-3
179E,19-018.503959,463,8097,0.63,0.15,FKBP8-9
179E,19-018.511130,541,7827,0.64,0.15,FKBP8-4
179E,22-022.459352,726,9868,0.67,0.18,SMARCB1-1
179E,22-022.506421,434,6633,0.59,0.13,SMARCB1-9
179E,X-063.326842,0,0,0,0,AMER1-2
179E,X-063.342134,347,5530,0.67,0.19,AMER1-1
179E,02-061.126370,690,25895,1.2,0.28,References PEX13
179E,02-189.557818,1261,18608,1.04,0.23,References COL3A1
179E,04-001.902193,528,13941,0.8,1,References WHSC1
179E,04-187.390323,1548,23574,1.45,0.32,References KLKB1
179E,05-132.037607,1470,17577,1.22,0.29,References IL4
179E,06-065.588251,1232,21557,1.27,0.31,References EYS
179E,06-108.321498,816,15682,0.85,0.18,References SEC63
179E,11-095.238425,947,14067,1.12,0.27,References MTMR2
179E,14-022.972596,645,9200,0.65,0.14,References MYH7
179E,15-042.653071,557,10896,0.72,0.17,References SPG11
179E,16-080.537323,874,14424,0.87,0.19,References PLCG2
179E,21-037.919589,891,11454,0.91,0.26,References KCNJ6
179G,01-001.274237,1452,10493,0.91,0.2,DVL1-1
179G,01-003.150503,896,9530,0.92,0.2,PRDM16-3
179G,01-006.150830,1050,11591,1.25,0.34,CHD5-2
179G,01-007.727575,1772,15712,1.05,0.16,CAMTA1-18
179G,01-010.214967,2606,17964,1.13,0.19,KIF1B-2
179G,03-010.158544,1679,14059,0.83,0.18,VHL-1
179G,03-010.163233,1713,16175,1.13,0.17,VHL-2
179G,03-059.972109,1810,15409,1.29,0.23,FHIT-7
179G,03-060.782680,1696,14493,1.06,0.2,FHIT-4
179G,05-112.182873,1454,11820,1.13,0.16,APC-12
179G,05-112.206814,1119,11567,1.22,1,APC-18
179G,09-021.958641,2100,18623,0.88,0.16,CDKN2A-4
179G,09-021.961213,1773,12339,0.88,0.13,CDKN2A-3
179G,09-021.998809,1235,13043,0.86,1,CDKN2B-1
179G,09-097.258441,1948,14915,0.83,0.12,PTCH1-20
179G,09-097.284232,1732,14404,1.22,0.18,PTCH1-5
179G,09-134.767854,2251,18675,0.88,1,TSC1-18
179G,09-134.809748,1977,15900,0.88,0.16,TSC1-1
179G,10-089.680713,982,8860,0.64,0.1,PTEN-4
179G,10-089.682864,1257,11950,0.7,0.11,PTEN-5
179G,10-089.710865,1002,10017,0.73,0.14,PTEN-8
179G,11-032.366613,1699,18053,1.25,0.26,WT1-11
179G,11-032.413841,1411,11365,0.77,0.15,WT1-1
179G,13-031.791351,2274,15863,1.05,0.17,BRCA2-3
179G,13-031.803112,2714,20963,1.06,0.17,BRCA2-9
179G,13-047.814761,1870,20499,1.22,0.18,RB1-3
179G,13-047.948892,2398,21847,1.09,0.16,RB1-25
179G,13-049.521254,3685,26031,1.01,0.14,MIR15A-1
179G,13-049.576833,2823,19452,1.17,0.21,DLEU1-2
179G,16-002.038612,1886,12843,1.08,0.17,TSC2-1
179G,16-002.067648,1049,10043,1.02,0.17,TSC2-25
179G,16-002.076651,1505,11964,0.83,0.15,TSC2-38
179G,17-007.514677,1095,12138,0.95,1,TP53-10
179G,17-007.519217,2103,17861,0.95,0.14,TP53-4b
179G,17-007.531504,2126,17820,0.93,0.16,TP53-1
179G,17-026.577746,1245,12922,1.07,0.15,NF1-18
179G,17-026.681489,2493,19097,1.04,0.15,NF1-39
179G,17-038.450829,1937,19493,1.14,0.16,BRCA1-24
179G,17-038.479889,2644,23807,1.06,0.16,BRCA1-15
179G,17-038.510430,1767,13317,1.06,0.17,BRCA1-6
179G,18-046.829678,2058,18355,1.09,0.17,SMAD4-4
179G,18-046.858705,1766,19228,1.15,1,SMAD4-12
179G,19-001.157954,1794,13698,1.02,0.17,STK11-1
179G,19-001.170331,1324,10454,0.96,0.16,STK11-3
179G,19-018.503959,1372,11703,0.89,0.15,FKBP8-9
179G,19-018.511130,1638,12490,0.98,0.17,FKBP8-4
179G,22-022.459352,1475,12648,0.88,0.17,SMARCB1-1
179G,22-022.506421,1531,10953,0.88,0.13,SMARCB1-9
179G,X-063.326842,366,3601,0.87,1,AMER1-2
179G,X-063.342134,1156,7897,0.83,0.2,AMER1-1
179G,02-061.126370,1937,22182,1.25,0.22,References PEX13
179G,02-189.557818,2531,19035,1,0.14,References COL3A1
179G,04-001.902193,1468,16149,1.05,1,References WHSC1
179G,04-187.390323,3524,25020,1.4,0.2,References KLKB1
179G,05-132.037607,2861,19586,1.16,0.21,References IL4
179G,06-065.588251,2038,18043,1.12,0.19,References EYS
179G,06-108.321498,1100,11579,0.73,0.1,References SEC63
179G,11-095.238425,1546,12016,0.95,0.17,References MTMR2
179G,14-022.972596,1926,13619,0.85,0.13,References MYH7
179G,15-042.653071,1319,13634,1.03,0.18,References SPG11
179G,16-080.537323,1512,14843,0.97,0.14,References PLCG2
179G,21-037.919589,1859,13940,0.94,0.21,References KCNJ6
179L,01-001.274237,664,5254,0.62,0.22,DVL1-1
179L,01-003.150503,519,6001,0.57,0.2,PRDM16-3
179L,01-006.150830,668,7909,0.82,0.31,CHD5-2
179L,01-007.727575,1079,10188,0.73,0.22,CAMTA1-18
179L,01-010.214967,1907,14465,1.21,0.37,KIF1B-2
179L,03-010.158544,640,5817,0.4,0.14,VHL-1
179L,03-010.163233,1414,14220,1.05,0.32,VHL-2
179L,03-059.972109,1933,17545,1.72,0.54,FHIT-7
179L,03-060.782680,1904,17020,1.4,0.45,FHIT-4
179L,05-112.182873,1046,9106,1.01,0.3,APC-12
179L,05-112.206814,954,10508,1.15,1,APC-18
179L,09-021.958641,938,10577,0.63,0.2,CDKN2A-4
179L,09-021.961213,690,5394,0.52,0.16,CDKN2A-3
179L,09-021.998809,618,6712,0.47,1,CDKN2B-1
179L,09-097.258441,771,6384,0.45,0.14,PTCH1-20
179L,09-097.284232,1761,15735,1.54,0.47,PTCH1-5
179L,09-134.767854,1426,12431,0.68,1,TSC1-18
179L,09-134.809748,958,8928,0.59,0.19,TSC1-1
179L,10-089.680713,1777,17756,1.42,0.44,PTEN-4
179L,10-089.682864,1706,17056,1.08,0.33,PTEN-5
179L,10-089.710865,1563,16237,1.24,0.4,PTEN-8
179L,11-032.366613,1426,16293,1.1,0.37,WT1-11
179L,11-032.413841,461,4099,0.34,0.11,WT1-1
179L,13-031.791351,1964,15018,1.28,0.39,BRCA2-3
179L,13-031.803112,2355,18963,1.18,0.36,BRCA2-9
179L,13-047.814761,2220,26109,1.52,0.46,RB1-3
179L,13-047.948892,2747,26073,1.37,0.41,RB1-25
179L,13-049.521254,3483,26590,1.37,0.41,MIR15A-1
179L,13-049.576833,2694,20307,1.64,0.52,DLEU1-2
179L,16-002.038612,1278,9238,1.05,0.32,TSC2-1
179L,16-002.067648,509,4949,0.55,0.18,TSC2-25
179L,16-002.076651,434,4084,0.37,0.12,TSC2-38
179L,17-007.514677,700,8244,0.66,1,TP53-10
179L,17-007.519217,1250,11883,0.75,0.23,TP53-4b
179L,17-007.531504,1399,12651,0.75,0.24,TP53-1
179L,17-026.577746,1159,12523,1.07,0.32,NF1-18
179L,17-026.681489,2679,22211,1.48,0.44,NF1-39
179L,17-038.450829,1976,21007,1.31,0.39,BRCA1-24
179L,17-038.479889,2264,21508,1.07,0.33,BRCA1-15
179L,17-038.510430,1881,15370,1.56,0.48,BRCA1-6
179L,18-046.829678,2397,22195,1.45,0.45,SMAD4-4
179L,18-046.858705,1427,16228,1.01,1,SMAD4-12
179L,19-001.157954,717,5787,0.55,0.17,STK11-1
179L,19-001.170331,641,5671,0.65,0.2,STK11-3
179L,19-018.503959,689,6404,0.58,0.19,FKBP8-9
179L,19-018.511130,777,6542,0.63,0.2,FKBP8-4
179L,22-022.459352,806,7354,0.58,0.2,SMARCB1-1
179L,22-022.506421,611,4739,0.5,0.15,SMARCB1-9
179L,X-063.326842,224,2391,0.59,1,AMER1-2
179L,X-063.342134,537,3730,0.53,0.19,AMER1-1
179L,02-061.126370,1905,23163,1.26,0.4,References PEX13
179L,02-189.557818,1885,15339,1,0.3,References COL3A1
179L,04-001.902193,984,11824,0.79,1,References WHSC1
179L,04-187.390323,2665,21124,1.52,0.46,References KLKB1
179L,05-132.037607,2010,14667,1.2,0.38,References IL4
179L,06-065.588251,2228,20735,1.43,0.45,References EYS
179L,06-108.321498,1342,15623,0.99,0.3,References SEC63
179L,11-095.238425,1491,12689,1.18,0.38,References MTMR2
179L,14-022.972596,834,6247,0.51,0.16,References MYH7
179L,15-042.653071,767,8513,0.66,0.21,References SPG11
179L,16-080.537323,854,8829,0.62,0.19,References PLCG2
179L,21-037.919589,940,7306,0.69,0.24,References KCNJ6
179M,01-001.274237,1792,14058,1.17,0.27,DVL1-1
179M,01-003.150503,923,11175,0.78,0.18,PRDM16-3
179M,01-006.150830,897,11000,0.85,0.25,CHD5-2
179M,01-007.727575,1920,18917,0.99,0.17,CAMTA1-18
179M,01-010.214967,2566,19461,1.15,0.22,KIF1B-2
179M,03-010.158544,2321,22268,1.12,0.25,VHL-1
179M,03-010.163233,2006,21369,1.16,0.2,VHL-2
179M,03-059.972109,2045,18861,1.33,0.26,FHIT-7
179M,03-060.782680,1635,15919,0.94,0.19,FHIT-4
179M,05-112.182873,1472,12962,1.04,0.17,APC-12
179M,05-112.206814,1191,13629,1.07,1,APC-18
179M,09-021.958641,2765,28639,1.22,0.24,CDKN2A-4
179M,09-021.961213,2135,15994,1.09,0.18,CDKN2A-3
179M,09-021.998809,1522,18132,0.9,1,CDKN2B-1
179M,09-097.258441,2016,17168,0.87,0.14,PTCH1-20
179M,09-097.284232,1708,15872,1.12,0.18,PTCH1-5
179M,09-134.767854,3220,29890,1.16,1,TSC1-18
179M,09-134.809748,2530,23035,1.1,0.22,TSC1-1
179M,10-089.680713,1857,19371,1.12,0.2,PTEN-4
179M,10-089.682864,2419,25534,1.17,0.2,PTEN-5
179M,10-089.710865,1991,22117,1.23,0.26,PTEN-8
179M,11-032.366613,1536,18350,0.92,0.22,WT1-11
179M,11-032.413841,1263,11240,0.66,0.14,WT1-1
179M,13-031.791351,2663,20215,1.23,0.22,BRCA2-3
179M,13-031.803112,3096,26329,1.17,0.21,BRCA2-9
179M,13-047.814761,2330,28466,1.22,0.2,RB1-3
179M,13-047.948892,3248,32231,1.24,0.21,RB1-25
179M,13-049.521254,3860,29187,1.06,0.18,MIR15A-1
179M,13-049.576833,3674,27404,1.56,0.32,DLEU1-2
179M,16-002.038612,2266,16810,1.36,0.24,TSC2-1
179M,16-002.067648,1021,11053,0.89,0.16,TSC2-25
179M,16-002.076651,1419,13032,0.84,0.16,TSC2-38
179M,17-007.514677,1449,17656,1.01,1,TP53-10
179M,17-007.519217,2812,26607,1.21,0.21,TP53-4b
179M,17-007.531504,3119,29937,1.28,0.23,TP53-1
179M,17-026.577746,1454,16852,1.05,0.17,NF1-18
179M,17-026.681489,3009,25212,1.21,0.19,NF1-39
179M,17-038.450829,1968,22273,1.02,0.17,BRCA1-24
179M,17-038.479889,2609,26947,0.98,0.16,BRCA1-15
179M,17-038.510430,1699,14491,1.04,0.19,BRCA1-6
179M,18-046.829678,2344,23658,1.12,0.19,SMAD4-4
179M,18-046.858705,1839,22271,0.99,1,SMAD4-12
179M,19-001.157954,2378,18739,1.27,0.23,STK11-1
179M,19-001.170331,1689,14520,1.19,0.22,STK11-3
179M,19-018.503959,1812,16914,1.11,0.21,FKBP8-9
179M,19-018.511130,2239,18624,1.29,0.25,FKBP8-4
179M,22-022.459352,2041,20459,1.17,0.24,SMARCB1-1
179M,22-022.506421,1898,14961,1.11,0.18,SMARCB1-9
179M,X-063.326842,432,4522,0.8,1,AMER1-2
179M,X-063.342134,1291,9427,0.96,0.25,AMER1-1
179M,02-061.126370,2175,27354,1.1,0.22,References PEX13
179M,02-189.557818,2591,21060,0.99,0.16,References COL3A1
179M,04-001.902193,1504,18290,0.88,1,References WHSC1
179M,04-187.390323,2781,20910,1.07,0.18,References KLKB1
179M,05-132.037607,3164,23620,1.36,0.28,References IL4
179M,06-065.588251,1739,18044,0.9,0.16,References EYS
179M,06-108.321498,2463,28699,1.34,0.22,References SEC63
179M,11-095.238425,1610,13905,0.93,0.17,References MTMR2
179M,14-022.972596,1854,14283,0.84,0.15,References MYH7
179M,15-042.653071,1773,20307,1.16,0.23,References SPG11
179M,16-080.537323,1633,17964,0.92,0.15,References PLCG2
179M,21-037.919589,2038,15778,1.04,0.25,References KCNJ6
421A,01-001.274237,2083,15204,0.89,0.16,DVL1-1
421A,01-003.150503,1703,18581,0.94,0.17,PRDM16-3
421A,01-006.150830,1676,19718,1.09,0.26,CHD5-2
421A,01-007.727575,2968,27658,1.03,0.09,CAMTA1-18
421A,01-010.214967,3625,26358,1.1,0.12,KIF1B-2
421A,03-010.158544,2846,23733,0.84,0.15,VHL-1
421A,03-010.163233,2745,26930,1.04,0.09,VHL-2
421A,03-059.972109,2551,21413,1.07,0.14,FHIT-7
421A,03-060.782680,2730,24271,1.02,0.15,FHIT-4
421A,05-112.182873,2187,18399,1.04,0.09,APC-12
421A,05-112.206814,1806,19171,1.07,1,APC-18
421A,09-021.958641,4181,34762,1.04,0.13,CDKN2A-4
421A,09-021.961213,2978,21231,1.01,0.08,CDKN2A-3
421A,09-021.998809,2301,24614,0.87,1,CDKN2B-1
421A,09-097.258441,3511,27000,0.96,0.08,PTCH1-20
421A,09-097.284232,2381,19351,0.97,0.09,PTCH1-5
421A,09-134.767854,4082,35075,0.96,1,TSC1-18
421A,09-134.809748,3389,27530,0.93,0.12,TSC1-1
421A,10-089.680713,2540,23873,0.98,0.11,PTEN-4
421A,10-089.682864,3124,30327,0.99,0.1,PTEN-5
421A,10-089.710865,2761,28717,1.14,0.17,PTEN-8
421A,11-032.366613,2935,32877,1.18,0.2,WT1-11
421A,11-032.413841,2705,22026,0.92,0.14,WT1-1
421A,13-031.791351,3237,23945,1.02,0.11,BRCA2-3
421A,13-031.803112,4212,33989,1.07,0.12,BRCA2-9
421A,13-047.814761,2927,33057,1.01,0.08,RB1-3
421A,13-047.948892,4164,38485,1.05,0.09,RB1-25
421A,13-049.521254,5228,39805,1.02,0.08,MIR15A-1
421A,13-049.576833,4019,28770,1.15,0.15,DLEU1-2
421A,16-002.038612,2485,17957,1.02,0.1,TSC2-1
421A,16-002.067648,1625,15520,0.89,0.11,TSC2-25
421A,16-002.076651,2429,18827,0.85,0.12,TSC2-38
421A,17-007.514677,2001,22727,0.93,1,TP53-10
421A,17-007.519217,3794,31750,1.02,0.09,TP53-4b
421A,17-007.531504,3336,28571,0.87,0.11,TP53-1
421A,17-026.577746,2075,22264,0.99,0.07,NF1-18
421A,17-026.681489,3896,29182,0.99,0.08,NF1-39
421A,17-038.450829,2979,30822,1,0.08,BRCA1-24
421A,17-038.479889,3922,36087,0.93,0.09,BRCA1-15
421A,17-038.510430,2671,20180,1.03,0.11,BRCA1-6
421A,18-046.829678,3176,28126,0.95,0.1,SMAD4-4
421A,18-046.858705,2716,30868,0.98,1,SMAD4-12
421A,19-001.157954,2562,19223,0.92,0.11,STK11-1
421A,19-001.170331,2113,16696,0.96,0.11,STK11-3
421A,19-018.503959,2366,19980,0.93,0.11,FKBP8-9
421A,19-018.511130,2644,20165,0.98,0.12,FKBP8-4
421A,22-022.459352,2491,20995,0.86,0.13,SMARCB1-1
421A,22-022.506421,2535,18295,0.96,0.08,SMARCB1-9
421A,X-063.326842,782,7905,0.99,1,AMER1-2
421A,X-063.342134,2095,15118,1.08,0.22,AMER1-1
421A,02-061.126370,3133,36958,1.07,0.13,References PEX13
421A,02-189.557818,3980,30374,1,0.08,References COL3A1
421A,04-001.902193,2405,27794,0.95,1,References WHSC1
421A,04-187.390323,3741,27761,1,0.08,References KLKB1
421A,05-132.037607,4345,28498,1.15,0.15,References IL4
421A,06-065.588251,3046,26514,0.94,0.11,References EYS
421A,06-108.321498,2747,30293,1.01,0.08,References SEC63
421A,11-095.238425,2358,19002,0.9,0.12,References MTMR2
421A,14-022.972596,3360,24901,1.03,0.1,References MYH7
421A,15-042.653071,2436,25168,1.03,0.14,References SPG11
421A,16-080.537323,2713,26363,0.96,0.09,References PLCG2
421A,21-037.919589,2877,22729,1.04,0.21,References KCNJ6
421C,01-001.274237,1816,13185,1.03,0.19,DVL1-1
421C,01-003.150503,1075,11255,1.07,0.2,PRDM16-3
421C,01-006.150830,1070,12102,1.29,0.31,CHD5-2
421C,01-007.727575,1868,16441,1.07,0.13,CAMTA1-18
421C,01-010.214967,2570,17931,1.04,0.17,KIF1B-2
421C,03-010.158544,2471,19788,1.09,0.21,VHL-1
421C,03-010.163233,2060,19711,1.34,0.17,VHL-2
421C,03-059.972109,1846,14761,1.18,0.21,FHIT-7
421C,03-060.782680,1806,15331,1.09,0.21,FHIT-4
421C,05-112.182873,1293,10270,0.93,0.12,APC-12
421C,05-112.206814,942,9754,1.04,1,APC-18
421C,09-021.958641,2721,22469,0.99,0.14,CDKN2A-4
421C,09-021.961213,2201,15475,1.02,0.12,CDKN2A-3
421C,09-021.998809,1434,14919,0.97,1,CDKN2B-1
421C,09-097.258441,2392,18117,0.94,0.11,PTCH1-20
421C,09-097.284232,1626,13240,1.07,0.15,PTCH1-5
421C,09-134.767854,2567,20864,0.97,1,TSC1-18
421C,09-134.809748,2312,18801,0.97,0.14,TSC1-1
421C,10-089.680713,1338,12337,0.87,0.14,PTEN-4
421C,10-089.682864,1666,15319,0.87,0.13,PTEN-5
421C,10-089.710865,1316,12958,0.93,0.18,PTEN-8
421C,11-032.366613,1561,17025,1.17,0.22,WT1-11
421C,11-032.413841,1877,15552,0.98,0.16,WT1-1
421C,13-031.791351,1736,12713,0.78,0.12,BRCA2-3
421C,13-031.803112,2202,17524,0.84,0.13,BRCA2-9
421C,13-047.814761,1266,13608,0.81,0.1,RB1-3
421C,13-047.948892,1903,16954,0.83,0.11,RB1-25
421C,13-049.521254,3022,21873,0.78,0.1,MIR15A-1
421C,13-049.576833,2187,15125,0.84,0.15,DLEU1-2
421C,16-002.038612,1821,12979,1,0.13,TSC2-1
421C,16-002.067648,1176,10927,1.07,0.15,TSC2-25
421C,16-002.076651,1953,15239,0.97,0.16,TSC2-38
421C,17-007.514677,969,10362,0.82,1,TP53-10
421C,17-007.519217,1949,15938,0.8,0.1,TP53-4b
421C,17-007.531504,1666,13801,0.68,0.1,TP53-1
421C,17-026.577746,1317,13797,1.12,0.14,NF1-18
421C,17-026.681489,2713,20014,1.03,0.13,NF1-39
421C,17-038.450829,1922,18920,1.08,0.13,BRCA1-24
421C,17-038.479889,2746,24005,1.02,0.14,BRCA1-15
421C,17-038.510430,2046,15294,1.14,0.18,BRCA1-6
421C,18-046.829678,2118,18022,1.03,0.16,SMAD4-4
421C,18-046.858705,1670,18061,1.08,1,SMAD4-12
421C,19-001.157954,1930,14096,0.97,0.13,STK11-1
421C,19-001.170331,1589,12512,1.07,0.14,STK11-3
421C,19-018.503959,1830,14492,1.03,0.14,FKBP8-9
421C,19-018.511130,2010,14962,1.09,0.15,FKBP8-4
421C,22-022.459352,1899,15404,1.02,0.17,SMARCB1-1
421C,22-022.506421,1967,14097,1.04,0.12,SMARCB1-9
421C,X-063.326842,425,4352,1.07,1,AMER1-2
421C,X-063.342134,1507,10722,1.02,0.21,AMER1-1
421C,02-061.126370,2106,23622,1.33,0.19,References PEX13
421C,02-189.557818,2743,20857,1.02,0.12,References COL3A1
421C,04-001.902193,1456,16012,1.05,1,References WHSC1
421C,04-187.390323,3063,22310,1.16,0.15,References KLKB1
421C,05-132.037607,2568,16607,0.9,0.15,References IL4
421C,06-065.588251,2206,18909,1.14,0.18,References EYS
421C,06-108.321498,1291,13771,0.85,0.11,References SEC63
421C,11-095.238425,1657,12974,0.96,0.14,References MTMR2
421C,14-022.972596,2359,16832,0.97,0.12,References MYH7
421C,15-042.653071,1424,14448,1.06,0.16,References SPG11
421C,16-080.537323,1383,12574,0.79,0.1,References PLCG2
421C,21-037.919589,1925,14339,0.89,0.21,References KCNJ6
421E,01-001.274237,1099,8156,0.6,0.21,DVL1-1
421E,01-003.150503,492,6933,0.46,0.16,PRDM16-3
421E,01-006.150830,610,8553,0.62,0.2,CHD5-2
421E,01-007.727575,1510,16239,0.79,0.23,CAMTA1-18
421E,01-010.214967,2997,22413,1.17,0.36,KIF1B-2
421E,03-010.158544,1282,11842,0.54,0.2,VHL-1
421E,03-010.163233,1453,16504,0.83,0.24,VHL-2
421E,03-059.972109,2202,20595,1.33,0.43,FHIT-7
421E,03-060.782680,2131,21616,1.19,0.41,FHIT-4
421E,05-112.182873,1587,14086,1.03,0.31,APC-12
421E,05-112.206814,1277,16320,1.27,1,APC-18
421E,09-021.958641,1883,18743,0.71,0.21,CDKN2A-4
421E,09-021.961213,1546,11669,0.7,0.21,CDKN2A-3
421E,09-021.998809,1278,17398,0.87,1,CDKN2B-1
421E,09-097.258441,1759,13992,0.63,0.2,PTCH1-20
421E,09-097.284232,2542,23966,1.55,0.51,PTCH1-5
421E,09-134.767854,2415,22627,0.85,1,TSC1-18
421E,09-134.809748,1779,16723,0.72,0.24,TSC1-1
421E,10-089.680713,2996,34305,1.84,0.62,PTEN-4
421E,10-089.682864,3522,41140,1.76,0.58,PTEN-5
421E,10-089.710865,3186,40438,2.1,0.67,PTEN-8
421E,11-032.366613,1790,24389,1.14,0.33,WT1-11
421E,11-032.413841,1005,9291,0.49,0.17,WT1-1
421E,13-031.791351,2335,17791,0.96,0.31,BRCA2-3
421E,13-031.803112,2378,20204,0.81,0.25,BRCA2-9
421E,13-047.814761,2283,31993,1.3,0.39,RB1-3
421E,13-047.948892,2805,30147,1.08,0.32,RB1-25
421E,13-049.521254,4456,34654,1.11,0.34,MIR15A-1
421E,13-049.576833,3160,24089,1.2,0.37,DLEU1-2
421E,16-002.038612,1567,11166,0.79,0.23,TSC2-1
421E,16-002.067648,631,6973,0.52,0.18,TSC2-25
421E,16-002.076651,1153,9408,0.54,0.2,TSC2-38
421E,17-007.514677,559,7671,0.44,1,TP53-10
421E,17-007.519217,1173,11285,0.46,0.14,TP53-4b
421E,17-007.531504,1787,17438,0.69,0.25,TP53-1
421E,17-026.577746,1406,18446,1.08,0.33,NF1-18
421E,17-026.681489,4036,33342,1.44,0.45,NF1-39
421E,17-038.450829,1821,22968,0.97,0.29,BRCA1-24
421E,17-038.479889,2555,26813,0.9,0.3,BRCA1-15
421E,17-038.510430,2833,22414,1.45,0.46,BRCA1-6
421E,18-046.829678,3436,36772,1.62,0.55,SMAD4-4
421E,18-046.858705,1757,23931,1.07,1,SMAD4-12
421E,19-001.157954,1252,9964,0.6,0.2,STK11-1
421E,19-001.170331,829,7416,0.54,0.17,STK11-3
421E,19-018.503959,998,9175,0.54,0.18,FKBP8-9
421E,19-018.511130,1262,10244,0.63,0.19,FKBP8-4
421E,22-022.459352,1381,13662,0.72,0.26,SMARCB1-1
421E,22-022.506421,1057,7984,0.53,0.17,SMARCB1-9
421E,X-063.326842,287,3692,0.65,1,AMER1-2
421E,X-063.342134,1171,8400,0.74,0.23,AMER1-1
421E,02-061.126370,2619,38834,1.48,0.43,References PEX13
421E,02-189.557818,3451,28883,1.21,0.37,References COL3A1
421E,04-001.902193,951,13610,0.66,1,References WHSC1
421E,04-187.390323,3802,30025,1.37,0.43,References KLKB1
421E,05-132.037607,2941,19306,0.96,0.27,References IL4
421E,06-065.588251,3020,31165,1.45,0.5,References EYS
421E,06-108.321498,1719,23275,1.02,0.31,References SEC63
421E,11-095.238425,2368,20788,1.27,0.43,References MTMR2
421E,14-022.972596,1274,9644,0.5,0.15,References MYH7
421E,15-042.653071,1115,14030,0.74,0.22,References SPG11
421E,16-080.537323,940,11089,0.53,0.16,References PLCG2
421E,21-037.919589,1473,11335,0.65,0.24,References KCNJ6
421F,01-001.274237,1678,12223,0.83,0.21,DVL1-1
421F,01-003.150503,855,10328,0.82,0.2,PRDM16-3
421F,01-006.150830,866,10978,0.97,0.23,CHD5-2
421F,01-007.727575,1788,17154,0.94,0.18,CAMTA1-18
421F,01-010.214967,3147,22616,1.13,0.24,KIF1B-2
421F,03-010.158544,1563,14370,0.68,0.19,VHL-1
421F,03-010.163233,1422,15220,0.87,0.17,VHL-2
421F,03-059.972109,1968,17195,1.17,0.28,FHIT-7
421F,03-060.782680,1866,17865,1.07,0.28,FHIT-4
421F,05-112.182873,1559,13064,1.01,0.2,APC-12
421F,05-112.206814,1117,13528,1.24,1,APC-18
421F,09-021.958641,2518,24663,0.93,0.18,CDKN2A-4
421F,09-021.961213,1940,13776,0.78,0.15,CDKN2A-3
421F,09-021.998809,1352,17523,1,1,CDKN2B-1
421F,09-097.258441,2448,19039,0.85,0.18,PTCH1-20
421F,09-097.284232,2248,19890,1.37,0.31,PTCH1-5
421F,09-134.767854,2865,25455,1.04,1,TSC1-18
421F,09-134.809748,2469,22161,0.98,0.22,TSC1-1
421F,10-089.680713,2711,28907,1.72,0.42,PTEN-4
421F,10-089.682864,2945,32152,1.55,0.36,PTEN-5
421F,10-089.710865,2420,28077,1.68,0.4,PTEN-8
421F,11-032.366613,1629,20755,1.18,0.23,WT1-11
421F,11-032.413841,1774,15111,0.82,0.19,WT1-1
421F,13-031.791351,2188,15989,0.84,0.19,BRCA2-3
421F,13-031.803112,2070,17342,0.71,0.15,BRCA2-9
421F,13-047.814761,1518,19000,0.94,0.18,RB1-3
421F,13-047.948892,2070,20570,0.84,0.16,RB1-25
421F,13-049.521254,4027,28943,0.89,0.18,MIR15A-1
421F,13-049.576833,2669,19519,0.93,0.2,DLEU1-2
421F,16-002.038612,1904,13233,0.88,0.17,TSC2-1
421F,16-002.067648,1015,10978,0.92,0.22,TSC2-25
421F,16-002.076651,1816,14823,0.82,0.22,TSC2-38
421F,17-007.514677,670,8519,0.59,1,TP53-10
421F,17-007.519217,1138,11658,0.5,0.1,TP53-4b
421F,17-007.531504,1777,16510,0.7,0.18,TP53-1
421F,17-026.577746,1495,17984,1.23,0.25,NF1-18
421F,17-026.681489,3622,29135,1.28,0.27,NF1-39
421F,17-038.450829,1930,23661,1.14,0.23,BRCA1-24
421F,17-038.479889,2892,28434,1.04,0.24,BRCA1-15
421F,17-038.510430,2393,18681,1.2,0.27,BRCA1-6
421F,18-046.829678,2876,28775,1.4,0.34,SMAD4-4
421F,18-046.858705,1751,22469,1.17,1,SMAD4-12
421F,19-001.157954,1696,13019,0.77,0.17,STK11-1
421F,19-001.170331,1281,10566,0.78,0.16,STK11-3
421F,19-018.503959,1319,11699,0.72,0.16,FKBP8-9
421F,19-018.511130,1664,13037,0.81,0.16,FKBP8-4
421F,22-022.459352,1733,16764,0.95,0.25,SMARCB1-1
421F,22-022.506421,1655,12017,0.77,0.16,SMARCB1-9
421F,X-063.326842,416,4749,1.01,1,AMER1-2
421F,X-063.342134,1631,12232,1,0.22,AMER1-1
421F,02-061.126370,2007,25714,1.2,0.22,References PEX13
421F,02-189.557818,3323,26443,1.11,0.22,References COL3A1
421F,04-001.902193,1218,15848,0.9,1,References WHSC1
421F,04-187.390323,4054,29968,1.34,0.29,References KLKB1
421F,05-132.037607,3453,22978,1.07,0.2,References IL4
421F,06-065.588251,2816,27515,1.41,0.35,References EYS
421F,06-108.321498,1311,15490,0.81,0.16,References SEC63
421F,11-095.238425,2107,17686,1.13,0.27,References MTMR2
421F,14-022.972596,2223,16270,0.81,0.15,References MYH7
421F,15-042.653071,1202,14466,0.89,0.17,References SPG11
421F,16-080.537323,1111,12759,0.68,0.14,References PLCG2
421F,21-037.919589,2088,15404,0.82,0.24,References KCNJ6
421G,01-001.274237,854,6364,0.56,0.17,DVL1-1
421G,01-003.150503,425,4676,0.36,0.11,PRDM16-3
421G,01-006.150830,496,5686,0.48,0.14,CHD5-2
421G,01-007.727575,1309,12134,0.69,0.17,CAMTA1-18
421G,01-010.214967,2596,19492,1.22,0.33,KIF1B-2
421G,03-010.158544,1287,10551,0.57,0.19,VHL-1
421G,03-010.163233,1324,12663,0.75,0.19,VHL-2
421G,03-059.972109,2087,17754,1.36,0.39,FHIT-7
421G,03-060.782680,2216,19819,1.28,0.39,FHIT-4
421G,05-112.182873,1223,10160,0.88,0.23,APC-12
421G,05-112.206814,1162,12436,1.14,1,APC-18
421G,09-021.958641,1764,14860,0.67,0.17,CDKN2A-4
421G,09-021.961213,1334,9645,0.69,0.18,CDKN2A-3
421G,09-021.998809,1041,11370,0.67,1,CDKN2B-1
421G,09-097.258441,1511,11561,0.62,0.17,PTCH1-20
421G,09-097.284232,2251,19102,1.47,0.41,PTCH1-5
421G,09-134.767854,2020,17036,0.77,1,TSC1-18
421G,09-134.809748,1448,12339,0.63,0.18,TSC1-1
421G,10-089.680713,2734,26141,1.66,0.48,PTEN-4
421G,10-089.682864,3154,30143,1.52,0.43,PTEN-5
421G,10-089.710865,2295,24556,1.49,0.43,PTEN-8
421G,11-032.366613,1286,14042,0.76,0.2,WT1-11
421G,11-032.413841,937,7627,0.48,0.14,WT1-1
421G,13-031.791351,2603,19301,1.25,0.35,BRCA2-3
421G,13-031.803112,2936,23521,1.12,0.31,BRCA2-9
421G,13-047.814761,2622,30352,1.43,0.37,RB1-3
421G,13-047.948892,2924,26900,1.13,0.28,RB1-25
421G,13-049.521254,5143,40146,1.55,0.41,MIR15A-1
421G,13-049.576833,3017,22276,1.34,0.36,DLEU1-2
421G,16-002.038612,1106,7918,0.67,0.17,TSC2-1
421G,16-002.067648,647,6140,0.54,0.16,TSC2-25
421G,16-002.076651,881,6879,0.47,0.15,TSC2-38
421G,17-007.514677,783,8737,0.59,1,TP53-10
421G,17-007.519217,1483,12431,0.61,0.15,TP53-4b
421G,17-007.531504,1649,14551,0.68,0.21,TP53-1
421G,17-026.577746,1522,16296,1.12,0.29,NF1-18
421G,17-026.681489,3715,28645,1.48,0.4,NF1-39
421G,17-038.450829,1719,17657,0.88,0.23,BRCA1-24
421G,17-038.479889,2353,21565,0.85,0.25,BRCA1-15
421G,17-038.510430,2326,17975,1.39,0.39,BRCA1-6
421G,18-046.829678,3437,30899,1.6,0.47,SMAD4-4
421G,18-046.858705,1713,19020,1,1,SMAD4-12
421G,19-001.157954,1024,7821,0.57,0.16,STK11-1
421G,19-001.170331,850,6508,0.57,0.15,STK11-3
421G,19-018.503959,879,6356,0.45,0.13,FKBP8-9
421G,19-018.511130,1048,8107,0.6,0.16,FKBP8-4
421G,22-022.459352,1122,9674,0.61,0.19,SMARCB1-1
421G,22-022.506421,845,6391,0.51,0.14,SMARCB1-9
421G,X-063.326842,293,3060,0.64,1,AMER1-2
421G,X-063.342134,726,5287,0.56,0.16,AMER1-1
421G,02-061.126370,2548,30691,1.35,0.34,References PEX13
421G,02-189.557818,3018,24391,1.22,0.32,References COL3A1
421G,04-001.902193,816,9212,0.52,1,References WHSC1
421G,04-187.390323,2774,21069,1.15,0.31,References KLKB1
421G,05-132.037607,2245,15238,0.92,0.23,References IL4
421G,06-065.588251,2517,22685,1.25,0.37,References EYS
421G,06-108.321498,2100,23327,1.19,0.31,References SEC63
421G,11-095.238425,2069,17102,1.24,0.36,References MTMR2
421G,14-022.972596,986,7111,0.44,0.11,References MYH7
421G,15-042.653071,1048,11176,0.69,0.18,References SPG11
421G,16-080.537323,1117,10995,0.62,0.16,References PLCG2
421G,21-037.919589,1249,9117,0.64,0.21,References KCNJ6
421H,01-001.274237,1167,9059,0.79,0.17,DVL1-1
421H,01-003.150503,672,9872,0.79,0.17,PRDM16-3
421H,01-006.150830,757,11973,1.05,0.27,CHD5-2
421H,01-007.727575,1309,15211,0.89,0.12,CAMTA1-18
421H,01-010.214967,2276,17259,1.07,0.17,KIF1B-2
421H,03-010.158544,1572,14622,0.8,0.18,VHL-1
421H,03-010.163233,1431,17479,1.06,0.15,VHL-2
421H,03-059.972109,1535,14861,1.14,0.2,FHIT-7
421H,03-060.782680,1683,18364,1.2,0.23,FHIT-4
421H,05-112.182873,1213,12095,1.05,0.15,APC-12
421H,05-112.206814,787,10886,0.98,1,APC-18
421H,09-021.958641,2082,20071,0.91,0.15,CDKN2A-4
421H,09-021.961213,1576,11975,0.85,0.12,CDKN2A-3
421H,09-021.998809,1100,14863,0.86,1,CDKN2B-1
421H,09-097.258441,1750,14857,0.8,0.11,PTCH1-20
421H,09-097.284232,1547,15412,1.19,0.18,PTCH1-5
421H,09-134.767854,2012,20491,0.89,1,TSC1-18
421H,09-134.809748,1617,15382,0.8,0.14,TSC1-1
421H,10-089.680713,1665,19178,1.23,0.21,PTEN-4
421H,10-089.682864,1934,23803,1.22,0.19,PTEN-5
421H,10-089.710865,1751,23304,1.45,0.27,PTEN-8
421H,11-032.366613,1381,20205,1.15,0.22,WT1-11
421H,11-032.413841,1277,12205,0.78,0.15,WT1-1
421H,13-031.791351,2002,16143,1.03,0.16,BRCA2-3
421H,13-031.803112,2684,24475,1.17,0.18,BRCA2-9
421H,13-047.814761,1591,23359,1.15,0.16,RB1-3
421H,13-047.948892,2026,24696,1.06,0.15,RB1-25
421H,13-049.521254,3552,28533,1.09,0.15,MIR15A-1
421H,13-049.576833,2673,21044,1.25,0.21,DLEU1-2
421H,16-002.038612,1361,10479,0.88,0.13,TSC2-1
421H,16-002.067648,791,9213,0.83,0.14,TSC2-25
421H,16-002.076651,1298,10618,0.72,0.14,TSC2-38
421H,17-007.514677,830,12179,0.82,1,TP53-10
421H,17-007.519217,1997,18961,0.93,0.13,TP53-4b
421H,17-007.531504,1809,18896,0.89,0.16,TP53-1
421H,17-026.577746,1077,14726,1.04,0.14,NF1-18
421H,17-026.681489,2803,23807,1.23,0.18,NF1-39
421H,17-038.450829,1751,21923,1.12,0.15,BRCA1-24
421H,17-038.479889,2536,27447,1.1,0.17,BRCA1-15
421H,17-038.510430,1817,15059,1.16,0.18,BRCA1-6
421H,18-046.829678,1996,22134,1.16,0.2,SMAD4-4
421H,18-046.858705,1411,19553,1.01,1,SMAD4-12
421H,19-001.157954,1259,10239,0.74,0.12,STK11-1
421H,19-001.170331,1018,9067,0.79,0.13,STK11-3
421H,19-018.503959,1187,11286,0.8,0.14,FKBP8-9
421H,19-018.511130,1527,12288,0.91,0.15,FKBP8-4
421H,22-022.459352,1279,13082,0.83,0.17,SMARCB1-1
421H,22-022.506421,1225,9402,0.74,0.11,SMARCB1-9
421H,X-063.326842,285,3884,0.8,1,AMER1-2
421H,X-063.342134,1199,9404,0.98,0.22,AMER1-1
421H,02-061.126370,1736,28515,1.32,0.21,References PEX13
421H,02-189.557818,2370,21058,1.05,0.15,References COL3A1
421H,04-001.902193,1049,15459,0.86,1,References WHSC1
421H,04-187.390323,2396,20227,1.1,0.16,References KLKB1
421H,05-132.037607,2654,18531,1.1,0.18,References IL4
421H,06-065.588251,1890,20152,1.12,0.19,References EYS
421H,06-108.321498,1076,15441,0.82,0.11,References SEC63
421H,11-095.238425,1599,15359,1.12,0.2,References MTMR2
421H,14-022.972596,1594,12458,0.77,0.11,References MYH7
421H,15-042.653071,1046,13856,0.89,0.15,References SPG11
421H,16-080.537323,1390,16857,0.96,0.14,References PLCG2
421H,21-037.919589,1756,13878,0.94,0.22,References KCNJ6
421L,01-001.274237,1299,10522,1.15,0.23,DVL1-1
421L,01-003.150503,488,7344,0.99,0.19,PRDM16-3
421L,01-006.150830,420,6584,1,0.24,CHD5-2
421L,01-007.727575,930,11663,1.07,0.13,CAMTA1-18
421L,01-010.214967,1907,15548,1.25,0.18,KIF1B-2
421L,03-010.158544,1227,11923,0.93,0.19,VHL-1
421L,03-010.163233,1118,14380,1.38,0.16,VHL-2
421L,03-059.972109,1166,11672,1.31,0.21,FHIT-7
421L,03-060.782680,886,9771,0.97,0.18,FHIT-4
421L,05-112.182873,857,8581,1.09,0.13,APC-12
421L,05-112.206814,602,8725,1.32,1,APC-18
421L,09-021.958641,1505,15861,0.97,0.14,CDKN2A-4
421L,09-021.961213,1498,11877,1.09,0.13,CDKN2A-3
421L,09-021.998809,761,10602,0.99,1,CDKN2B-1
421L,09-097.258441,1594,14387,1.04,0.13,PTCH1-20
421L,09-097.284232,1126,11400,1.3,0.17,PTCH1-5
421L,09-134.767854,1530,15571,1.03,1,TSC1-18
421L,09-134.809748,1300,12337,0.9,0.14,TSC1-1
421L,10-089.680713,1228,14180,1.4,0.22,PTEN-4
421L,10-089.682864,1296,16269,1.31,0.19,PTEN-5
421L,10-089.710865,1109,15086,1.52,0.26,PTEN-8
421L,11-032.366613,732,11294,1.1,0.19,WT1-11
421L,11-032.413841,859,8747,0.78,0.13,WT1-1
421L,13-031.791351,1230,10721,0.91,0.13,BRCA2-3
421L,13-031.803112,1636,15842,1.05,0.15,BRCA2-9
421L,13-047.814761,621,9660,0.81,0.09,RB1-3
421L,13-047.948892,969,12314,0.85,0.1,RB1-25
421L,13-049.521254,2404,20324,1.01,0.12,MIR15A-1
421L,13-049.576833,1738,14915,1.14,0.18,DLEU1-2
421L,16-002.038612,1484,11827,1.26,0.16,TSC2-1
421L,16-002.067648,749,9168,1.27,0.2,TSC2-25
421L,16-002.076651,947,8418,0.75,0.14,TSC2-38
421L,17-007.514677,426,6427,0.73,1,TP53-10
421L,17-007.519217,1138,10826,0.76,0.09,TP53-4b
421L,17-007.531504,1283,13140,0.92,0.15,TP53-1
421L,17-026.577746,692,9910,1.14,0.14,NF1-18
421L,17-026.681489,2046,17061,1.23,0.15,NF1-39
421L,17-038.450829,1121,14485,1.17,0.14,BRCA1-24
421L,17-038.479889,1331,14131,0.85,0.12,BRCA1-15
421L,17-038.510430,1404,11642,1.21,0.17,BRCA1-6
421L,18-046.829678,1418,16307,1.31,0.2,SMAD4-4
421L,18-046.858705,937,13958,1.2,1,SMAD4-12
421L,19-001.157954,1314,11174,1.07,0.16,STK11-1
421L,19-001.170331,1116,10437,1.25,0.17,STK11-3
421L,19-018.503959,1086,10945,1.1,0.16,FKBP8-9
421L,19-018.511130,1284,11228,1.14,0.16,FKBP8-4
421L,22-022.459352,1138,11735,1.1,0.2,SMARCB1-1
421L,22-022.506421,1252,10965,1.13,0.14,SMARCB1-9
421L,X-063.326842,0,0,0,0,AMER1-2
421L,X-063.342134,822,7075,0.93,0.19,AMER1-1
421L,02-061.126370,853,13880,1.11,0.16,References PEX13
421L,02-189.557818,1673,14492,0.99,0.12,References COL3A1
421L,04-001.902193,698,10495,0.99,1,References WHSC1
421L,04-187.390323,1911,16047,1.16,0.15,References KLKB1
421L,05-132.037607,1864,13089,0.98,0.14,References IL4
421L,06-065.588251,1284,13870,1.17,0.19,References EYS
421L,06-108.321498,772,11502,1.01,0.12,References SEC63
421L,11-095.238425,1042,10533,1.1,0.17,References MTMR2
421L,14-022.972596,1173,9181,0.74,0.09,References MYH7
421L,15-042.653071,638,8587,0.89,0.13,References SPG11
421L,16-080.537323,688,8229,0.73,0.09,References PLCG2
421L,21-037.919589,1207,10569,0.9,0.2,References KCNJ6
421M,01-001.274237,625,9307,0.75,0.17,DVL1-1
421M,01-003.150503,256,6665,0.52,0.11,PRDM16-3
421M,01-006.150830,205,7132,0.61,0.14,CHD5-2
421M,01-007.727575,578,13328,0.75,0.13,CAMTA1-18
421M,01-010.214967,1054,17943,1.05,0.21,KIF1B-2
421M,03-010.158544,559,12576,0.65,0.16,VHL-1
421M,03-010.163233,745,17971,1.06,0.18,VHL-2
421M,03-059.972109,965,23079,1.71,0.38,FHIT-7
421M,03-060.782680,672,16039,1.02,0.25,FHIT-4
421M,05-112.182873,603,13921,1.17,0.21,APC-12
421M,05-112.206814,412,11642,1.05,1,APC-18
421M,09-021.958641,486,14454,0.62,0.11,CDKN2A-4
421M,09-021.961213,684,10463,0.7,0.12,CDKN2A-3
421M,09-021.998809,317,9337,0.53,1,CDKN2B-1
421M,09-097.258441,534,13072,0.66,0.12,PTCH1-20
421M,09-097.284232,757,17195,1.28,0.25,PTCH1-5
421M,09-134.767854,1150,23520,1.01,1,TSC1-18
421M,09-134.809748,716,15810,0.78,0.15,TSC1-1
421M,10-089.680713,865,22868,1.43,0.31,PTEN-4
421M,10-089.682864,904,23977,1.2,0.25,PTEN-5
421M,10-089.710865,670,19673,1.2,0.27,PTEN-8
421M,11-032.366613,541,16023,0.89,0.17,WT1-11
421M,11-032.413841,308,6771,0.41,0.08,WT1-1
421M,13-031.791351,1434,22291,1.35,0.28,BRCA2-3
421M,13-031.803112,1126,23930,1.09,0.22,BRCA2-9
421M,13-047.814761,795,24772,1.19,0.2,RB1-3
421M,13-047.948892,1099,29214,1.22,0.21,RB1-25
421M,13-049.521254,2075,35735,1.29,0.23,MIR15A-1
421M,13-049.576833,1972,25316,1.42,0.3,DLEU1-2
421M,16-002.038612,1044,13430,1.05,0.18,TSC2-1
421M,16-002.067648,276,7333,0.64,0.13,TSC2-25
421M,16-002.076651,224,949,0.06,0.01,TSC2-38
421M,17-007.514677,293,9508,0.64,1,TP53-10
421M,17-007.519217,580,16616,0.78,0.13,TP53-4b
421M,17-007.531504,1158,26029,1.18,0.26,TP53-1
421M,17-026.577746,482,15434,1.06,0.19,NF1-18
421M,17-026.681489,1471,30542,1.5,0.28,NF1-39
421M,17-038.450829,779,20483,1.01,0.17,BRCA1-24
421M,17-038.479889,993,26958,1.04,0.21,BRCA1-15
421M,17-038.510430,790,16997,1.24,0.25,BRCA1-6
421M,18-046.829678,1045,24924,1.27,0.27,SMAD4-4
421M,18-046.858705,646,19451,1,1,SMAD4-12
421M,19-001.157954,666,13869,0.94,0.18,STK11-1
421M,19-001.170331,401,7864,0.65,0.12,STK11-3
421M,19-018.503959,487,11504,0.78,0.15,FKBP8-9
421M,19-018.511130,561,10734,0.75,0.13,FKBP8-4
421M,22-022.459352,661,13809,0.84,0.19,SMARCB1-1
421M,22-022.506421,505,10475,0.77,0.14,SMARCB1-9
421M,X-063.326842,0,0,0,0,AMER1-2
421M,X-063.342134,415,6430,0.63,0.13,AMER1-1
421M,02-061.126370,485,25639,1.16,0.2,References PEX13
421M,02-189.557818,1158,23248,1.1,0.19,References COL3A1
421M,04-001.902193,373,13553,0.76,1,References WHSC1
421M,04-187.390323,1163,21925,1.12,0.21,References KLKB1
421M,05-132.037607,1560,18009,1,0.18,References IL4
421M,06-065.588251,806,20376,1.1,0.24,References EYS
421M,06-108.321498,757,21572,1.12,0.2,References SEC63
421M,11-095.238425,720,15420,1.07,0.21,References MTMR2
421M,14-022.972596,595,10447,0.6,0.1,References MYH7
421M,15-042.653071,446,12570,0.78,0.14,References SPG11
421M,16-080.537323,559,13757,0.76,0.13,References PLCG2
421M,21-037.919589,859,10718,0.69,0.19,References KCNJ6
